rank,player,year,age,team,league,war,games,plate_appearances,at_bats,runs,hits,doubles,triples,home_runs,runs_batted_in,stolen_bases,caught_stealing,walks,strikeouts,batting_average,on_base_percentage,slugging_percentage,on_base_plus_slugging,on_base_plus_slugging_plus,runs_above_base_average,rbat_plus,total_bases,double_plays,hit_by_puitch,sacrifice_bunts,sacrifice_flies,intentional_walks,awards
1,Jarren Duran,2024,27,BOS,AL,8.7,160,735,671,111,191,48,14,21,75,34,7,54,160,0.285,0.342,0.492,0.834,129,0.373,134,330,6,6,1,3,1,ASMVP-8
2,Shohei Ohtani,2024,29,LAD,NL,9.2,159,731,636,134,197,38,7,54,130,59,4,81,162,0.31,0.39,0.646,1.036,190,0.449,190,411,7,6,0,5,10,ASMVP-1SS
3,Gunnar Henderson,2024,23,BAL,AL,9.1,159,719,630,118,177,31,7,37,92,21,4,78,159,0.281,0.364,0.529,0.893,159,0.385,157,333,2,7,0,4,1,ASMVP-4
4,Marcus Semien,2024,33,TEX,AL,4.1,159,718,650,101,154,27,2,23,74,8,3,64,105,0.237,0.308,0.391,0.699,100,0.31,100,254,9,3,0,1,2,AS
5,Juan Soto,2024,25,NYY,AL,7.9,157,713,576,128,166,31,4,41,109,7,4,129,119,0.288,0.419,0.569,0.989,178,0.424,179,328,10,4,0,4,2,ASMVP-3SS
6,Bobby Witt Jr.,2024,24,KCR,AL,9.4,161,709,636,125,211,45,11,32,109,31,12,57,106,0.332,0.389,0.588,0.977,171,0.416,171,374,4,8,0,8,9,ASMVP-2GGSS
7,Aaron Judge,2024,32,NYY,AL,10.8,158,704,559,122,180,36,1,58,144,10,0,133,171,0.322,0.458,0.701,1.159,223,0.484,223,392,22,9,0,2,20,ASMVP-1SS
8,Vladimir Guerrero Jr.,2024,25,TOR,AL,6.2,159,697,616,98,199,44,1,30,103,2,2,72,96,0.323,0.396,0.544,0.94,166,0.399,165,335,16,5,0,4,12,ASMVP-6SS
9,Elly De La Cruz,2024,22,CIN,NL,5.2,160,696,618,105,160,36,10,25,76,67,16,69,218,0.259,0.339,0.471,0.809,119,0.367,122,291,12,6,2,1,2,ASMVP-8
10,Pete Alonso,2024,29,NYM,NL,2.6,162,695,608,91,146,31,0,34,88,3,0,70,172,0.24,0.329,0.459,0.788,123,0.341,122,279,14,13,0,4,4,AS
11,Ezequiel Tovar,2024,22,COL,NL,3.8,157,695,655,83,176,45,4,26,78,6,5,23,200,0.269,0.295,0.469,0.763,103,0.325,99,307,16,4,5,7,1,MVP-19GG
12,Bryan Reynolds,2024,29,PIT,NL,3.6,156,692,622,73,171,29,3,24,88,10,2,57,156,0.275,0.344,0.447,0.791,119,0.355,125,278,7,10,0,3,3,AS
13,Kyle Schwarber,2024,31,PHI,NL,3.5,150,692,573,110,142,22,0,38,104,5,3,106,197,0.248,0.366,0.485,0.851,137,0.367,137,278,6,5,0,8,4,MVP-15
14,Francisco Lindor,2024,30,NYM,NL,6.9,152,689,618,107,169,39,1,33,91,29,4,56,127,0.273,0.344,0.5,0.844,138,0.373,141,309,7,12,0,3,0,MVP-2SS
15,Anthony Volpe,2024,23,NYY,AL,3.4,160,689,637,90,155,27,7,12,60,28,7,42,156,0.243,0.293,0.364,0.657,86,0.296,84,232,9,4,2,3,1,NA
16,Willy Adames,2024,28,MIL,NL,3.1,161,688,610,93,153,33,0,32,112,21,4,74,173,0.251,0.331,0.462,0.794,118,0.348,117,282,12,1,0,3,3,MVP-10
17,Marcell Ozuna,2024,33,ATL,NL,4.3,162,688,606,96,183,31,0,39,104,1,0,74,170,0.302,0.378,0.546,0.925,154,0.394,154,331,23,3,0,4,2,ASMVP-4
18,Matt Olson,2024,30,ATL,NL,3.8,162,685,600,78,148,37,1,29,98,0,0,71,170,0.247,0.333,0.457,0.79,118,0.342,117,274,15,9,0,5,5,NA
19,Corbin Carroll,2024,23,ARI,NL,3.4,158,684,589,121,136,22,14,22,74,35,8,73,130,0.231,0.322,0.428,0.749,107,0.333,106,252,3,10,3,9,0,NA
20,Jose Altuve,2024,34,HOU,AL,3.4,153,682,628,94,185,31,0,20,65,22,7,47,119,0.295,0.35,0.439,0.79,126,0.348,126,276,15,7,0,0,2,ASMVP-15SS
21,José Ramírez,2024,31,CLE,AL,6.8,158,682,620,114,173,39,2,39,118,41,7,54,82,0.279,0.335,0.537,0.872,143,0.376,140,333,9,1,0,6,12,ASMVP-5SS
22,William Contreras,2024,26,MIL,NL,4.9,155,679,595,99,167,37,2,23,92,9,2,78,139,0.281,0.365,0.466,0.831,129,0.361,129,277,19,3,0,3,5,ASMVP-5SS
23,Luis Arráez,2024,27,MIA,NL,0.1,33,148,137,22,41,8,1,0,5,0,0,8,11,0.299,0.347,0.372,0.719,96,0.326,99,51,5,2,1,0,0,NA
23,Luis Arráez,2024,27,SDP,NL,0.9,117,524,500,61,159,24,2,4,41,9,3,16,18,0.318,0.346,0.398,0.744,108,0.327,106,199,13,6,1,1,3,NA
24,Jurickson Profar,2024,31,SDP,NL,3.6,158,668,564,94,158,29,0,24,85,10,3,76,101,0.28,0.38,0.459,0.839,134,0.369,137,259,14,18,5,5,4,ASMVP-14SS
25,Anthony Santander,2024,29,BAL,AL,2.9,155,665,595,91,140,25,2,44,102,2,0,58,129,0.235,0.308,0.506,0.814,134,0.346,131,301,9,7,0,5,3,ASMVP-14SS
26,Gleyber Torres,2024,27,NYY,AL,1.8,154,665,587,80,151,26,0,15,63,4,3,65,136,0.257,0.33,0.378,0.709,101,0.318,103,222,6,3,2,8,0,NA
27,Brandon Nimmo,2024,31,NYM,NL,2.2,151,663,571,88,128,25,3,23,90,15,0,77,158,0.224,0.327,0.399,0.727,107,0.331,111,228,7,12,0,3,1,NA
28,Taylor Ward,2024,30,LAA,AL,2.3,156,663,585,73,144,26,2,25,75,6,4,63,163,0.246,0.323,0.426,0.748,111,0.329,111,249,11,7,0,8,0,NA
29,Nick Castellanos,2024,32,PHI,NL,0.8,162,659,606,80,154,30,4,23,86,6,2,41,139,0.254,0.311,0.431,0.742,106,0.327,108,261,14,10,0,2,2,NA
30,Ian Happ,2024,29,CHC,NL,3.9,153,657,569,89,138,34,2,25,86,13,2,80,168,0.243,0.341,0.441,0.782,120,0.345,121,251,7,6,0,2,1,GG
31,Jake Cronenworth,2024,30,SDP,NL,1.9,155,656,577,72,139,29,3,17,83,5,2,61,118,0.241,0.324,0.39,0.714,99,0.319,101,225,19,11,1,3,0,NA
32,Spencer Steer,2024,26,CIN,NL,1.5,158,656,574,74,129,34,4,20,92,25,3,72,137,0.225,0.319,0.402,0.721,96,0.331,99,231,5,8,0,2,1,NA
33,Paul Goldschmidt,2024,36,STL,NL,1.3,154,654,599,70,147,33,1,22,65,11,0,47,173,0.245,0.302,0.414,0.716,98,0.326,104,248,20,2,0,2,2,NA
34,Brendan Donovan,2024,27,STL,NL,2.6,153,652,587,65,163,34,3,14,73,5,5,47,81,0.278,0.342,0.417,0.759,112,0.332,112,245,4,13,0,5,0,NA
35,Teoscar Hernández,2024,31,LAD,NL,4.3,154,652,589,84,160,32,2,33,99,12,3,53,188,0.272,0.339,0.501,0.84,137,0.368,141,295,7,8,0,1,3,ASMVP-19SS
36,Salvador Perez,2024,34,KCR,AL,2.5,158,652,590,58,160,28,0,27,104,0,0,44,129,0.271,0.33,0.456,0.786,119,0.339,116,269,17,11,0,6,9,ASSS
37,Jeremy Peña,2024,26,HOU,AL,4.1,157,650,602,78,160,28,2,15,70,20,6,25,111,0.266,0.308,0.394,0.701,100,0.311,99,237,15,14,3,6,1,NA
38,Randy Arozarena,2024,29,TBR,AL,0.7,100,409,350,45,74,19,0,15,37,16,7,45,101,0.211,0.318,0.394,0.712,104,0.316,104,138,3,11,0,3,0,NA
38,Randy Arozarena,2024,29,SEA,AL,1,54,239,199,32,46,14,0,5,23,4,3,28,68,0.231,0.356,0.377,0.733,118,0.334,127,75,4,11,0,1,0,NA
39,Matt Chapman,2024,31,SFG,NL,7.1,154,647,575,98,142,39,2,27,78,15,2,64,158,0.247,0.328,0.463,0.79,125,0.351,129,266,13,6,0,2,3,MVP-11GG
40,Ryan McMahon,2024,29,COL,NL,2.5,153,645,567,68,137,28,0,20,65,4,6,69,185,0.242,0.325,0.397,0.722,95,0.311,90,225,9,3,0,4,4,AS
41,Manny Machado,2024,31,SDP,NL,3.1,152,643,593,77,163,30,0,29,105,11,2,45,124,0.275,0.325,0.472,0.797,120,0.344,118,280,25,1,0,4,6,MVP-16SS
42,JJ Bleday,2024,26,OAK,AL,2.1,159,642,572,74,139,43,4,20,60,2,3,67,125,0.243,0.324,0.437,0.762,120,0.333,121,250,8,2,1,0,2,NA
43,Nico Hoerner,2024,27,CHC,NL,3.7,151,641,582,86,159,35,1,7,48,31,6,44,66,0.273,0.335,0.373,0.708,101,0.327,105,217,8,12,0,3,1,NA
44,Isaac Paredes,2024,25,TBR,AL,2.4,101,429,363,41,89,19,1,16,55,0,1,52,68,0.245,0.357,0.435,0.792,127,0.349,129,158,13,12,0,2,2,NA
44,Isaac Paredes,2024,25,CHC,NL,0.4,52,212,179,23,40,6,0,3,25,1,0,24,37,0.223,0.325,0.307,0.633,82,0.294,86,55,4,5,0,4,0,NA
45,Eugenio Suárez,2024,32,ARI,NL,3.1,158,640,571,90,146,28,2,30,101,2,1,49,176,0.256,0.319,0.469,0.788,116,0.34,115,268,10,9,0,11,0,NA
46,Freddie Freeman,2024,34,LAD,NL,4.7,147,638,542,81,153,35,2,22,89,9,2,78,100,0.282,0.378,0.476,0.854,143,0.37,142,258,13,10,0,8,9,ASMVP-17
47,Adley Rutschman,2024,26,BAL,AL,3.4,148,638,571,68,143,21,1,19,79,1,0,58,103,0.25,0.318,0.391,0.709,107,0.313,107,223,9,2,0,7,3,AS
48,Adolis García,2024,31,TEX,AL,0.3,154,637,580,68,130,27,0,25,85,11,5,45,177,0.224,0.284,0.4,0.684,94,0.302,94,232,12,6,0,6,2,NA
49,Jonathan India,2024,27,CIN,NL,1.7,151,637,533,84,132,28,2,15,58,13,2,80,125,0.248,0.357,0.392,0.75,105,0.34,108,209,16,15,2,7,0,NA
50,Masyn Winn,2024,22,STL,NL,4.9,150,637,587,85,157,32,5,15,57,11,5,41,109,0.267,0.314,0.416,0.73,102,0.317,100,244,1,1,3,5,1,NA
51,Yordan Alvarez,2024,27,HOU,AL,5.4,147,635,552,88,170,34,2,35,86,6,0,69,95,0.308,0.392,0.567,0.959,172,0.406,169,313,14,10,0,4,16,ASMVP-9
52,Nolan Arenado,2024,33,STL,NL,2.5,152,635,578,70,157,23,0,16,71,2,2,44,92,0.272,0.325,0.394,0.719,101,0.315,99,228,15,5,0,7,2,NA
53,Willi Castro,2024,27,MIN,AL,1.6,158,635,558,89,138,31,5,12,60,14,9,51,150,0.247,0.331,0.385,0.717,102,0.326,108,215,8,21,1,4,0,AS
54,Alex Bregman,2024,30,HOU,AL,4.1,145,634,581,79,151,30,2,26,75,3,1,44,86,0.26,0.315,0.453,0.768,118,0.334,117,263,13,5,0,4,1,GG
55,Andrés Giménez,2024,25,CLE,AL,4,152,633,583,64,147,22,1,9,63,30,5,26,97,0.252,0.298,0.34,0.638,82,0.294,81,198,11,15,3,6,1,GG
56,Josh Naylor,2024,27,CLE,AL,1.5,152,633,563,84,137,27,0,31,108,6,2,58,105,0.243,0.32,0.456,0.776,118,0.336,117,257,17,7,0,4,7,AS
57,Bryce Harper,2024,31,PHI,NL,4.8,145,631,550,85,157,42,0,30,87,7,4,76,138,0.285,0.373,0.525,0.898,149,0.381,148,289,18,2,1,2,11,ASMVP-6SS
58,Cal Raleigh,2024,27,SEA,AL,4.7,153,628,546,73,120,16,0,34,100,6,1,70,176,0.22,0.312,0.436,0.748,119,0.324,117,238,7,6,0,6,4,MVP-12GG
59,Maikel Garcia,2024,24,KCR,AL,1.2,157,626,575,84,133,27,5,7,58,37,2,42,103,0.231,0.281,0.332,0.614,72,0.287,69,191,7,0,4,5,0,NA
60,Bryan De La Cruz,2024,27,MIA,NL,-0.2,105,454,424,44,104,19,0,18,51,3,1,25,118,0.245,0.289,0.417,0.707,90,0.309,87,177,8,2,0,2,1,NA
60,Bryan De La Cruz,2024,27,PIT,NL,-1.2,44,168,160,17,32,6,0,3,17,2,1,4,52,0.2,0.22,0.294,0.514,42,0.238,42,47,2,1,0,3,0,NA
61,Yandy Díaz,2024,32,TBR,AL,1.6,145,621,563,55,158,31,1,14,65,0,0,50,95,0.281,0.341,0.414,0.755,116,0.336,119,233,12,4,0,4,0,NA
62,Alex Verdugo,2024,28,NYY,AL,0.8,149,621,559,74,130,28,1,13,61,2,1,49,93,0.233,0.291,0.356,0.647,83,0.288,81,199,14,1,2,10,0,NA
63,Jazz Chisholm Jr.,2024,26,MIA,NL,1.2,101,430,386,46,96,14,4,13,50,22,8,39,107,0.249,0.323,0.407,0.73,97,0.323,96,157,4,4,0,1,5,NA
63,Jazz Chisholm Jr.,2024,26,NYY,AL,1.5,46,191,176,28,48,7,0,11,23,18,2,14,45,0.273,0.325,0.5,0.825,130,0.373,130,88,2,0,0,1,0,NA
64,Yainer Diaz,2024,25,HOU,AL,3.2,148,619,585,70,175,29,3,16,84,2,0,24,107,0.299,0.325,0.441,0.766,118,0.339,120,258,22,2,0,8,1,NA
65,Brice Turang,2024,24,MIL,NL,4.7,155,619,559,72,142,24,4,7,57,50,6,50,105,0.254,0.316,0.349,0.665,85,0.313,85,195,8,2,5,3,1,GG
66,Andrew Vaughn,2024,26,CHW,AL,0.2,149,619,570,55,140,30,1,19,70,2,0,38,132,0.246,0.297,0.402,0.699,99,0.305,96,229,13,6,0,5,0,NA
67,Brent Rooker,2024,29,OAK,AL,5.6,145,614,546,82,160,26,2,39,112,11,3,59,177,0.293,0.365,0.562,0.927,165,0.399,166,307,5,5,0,4,4,MVP-10SS
68,George Springer,2024,34,TOR,AL,1.1,145,614,545,74,120,19,3,19,56,16,1,60,115,0.22,0.303,0.371,0.674,92,0.312,97,202,16,6,0,2,0,NA
69,Julio Rodríguez,2024,23,SEA,AL,4.3,143,613,567,76,155,17,0,20,68,24,5,38,156,0.273,0.325,0.409,0.734,116,0.334,121,232,10,6,0,2,1,NA
70,Christopher Morel,2024,25,CHC,NL,0.2,103,421,362,43,72,7,1,18,51,7,5,47,103,0.199,0.302,0.373,0.675,90,0.3,92,135,11,8,0,4,2,NA
70,Christopher Morel,2024,25,TBR,AL,-0.8,49,190,173,13,33,4,2,3,9,1,2,14,56,0.191,0.258,0.289,0.547,57,0.241,53,50,4,2,0,1,1,NA
71,Nolan Schanuel,2024,22,LAA,AL,1.3,147,607,519,62,130,19,0,13,54,10,1,68,103,0.25,0.343,0.362,0.706,101,0.321,103,188,14,9,3,7,0,NA
72,Alec Bohm,2024,27,PHI,NL,3,143,606,554,62,155,44,2,15,97,5,2,40,86,0.28,0.332,0.448,0.779,117,0.34,117,248,18,6,0,6,2,AS
73,Brenton Doyle,2024,26,COL,NL,4,149,603,542,82,141,24,4,23,72,30,5,46,153,0.26,0.317,0.446,0.764,104,0.338,102,242,13,3,4,8,1,GG
74,Josh Bell,2024,31,MIA,NL,-0.8,104,441,398,38,95,18,1,14,49,0,0,34,88,0.239,0.305,0.394,0.699,89,0.31,88,157,13,5,0,3,1,NA
74,Josh Bell,2024,31,ARI,NL,0.3,41,162,140,24,39,5,1,5,22,0,1,17,32,0.279,0.361,0.436,0.796,121,0.349,125,61,9,1,0,0,0,NA
75,CJ Abrams,2024,23,WSN,NL,3.4,138,602,541,79,133,29,6,20,65,31,12,40,128,0.246,0.314,0.433,0.747,110,0.324,108,234,4,16,1,4,3,AS
76,Orlando Arcia,2024,29,ATL,NL,0.5,157,602,551,50,120,24,0,17,46,2,0,41,128,0.218,0.271,0.354,0.625,73,0.278,70,195,16,2,1,7,1,NA
77,Zach Neto,2024,23,LAA,AL,5.1,155,602,542,70,135,34,1,23,77,30,10,39,140,0.249,0.318,0.443,0.761,113,0.334,112,240,14,16,4,1,1,NA
78,Rafael Devers,2024,27,BOS,AL,3.7,138,601,525,87,143,34,5,28,83,3,0,67,147,0.272,0.354,0.516,0.871,139,0.368,134,271,13,3,0,6,14,ASMVP-13
79,Oneil Cruz,2024,25,PIT,NL,2.5,146,599,541,72,140,34,3,21,76,22,1,51,181,0.259,0.324,0.449,0.773,113,0.34,110,243,8,3,0,4,5,NA
80,Alec Burleson,2024,25,STL,NL,1.2,152,595,547,71,147,20,0,21,78,9,4,35,76,0.269,0.314,0.42,0.735,104,0.325,105,230,8,4,1,6,0,NA
81,Carlos Santana,2024,38,MIN,AL,2.5,150,594,521,63,124,26,0,23,71,4,0,65,99,0.238,0.328,0.42,0.749,109,0.329,108,219,11,6,0,2,3,GG
82,Jackson Merrill,2024,21,SDP,NL,4.4,156,593,554,77,162,31,6,24,90,16,3,29,101,0.292,0.326,0.5,0.826,127,0.357,126,277,2,1,4,5,1,ASMVP-9ROY-2SS
83,Dansby Swanson,2024,30,CHC,NL,4,149,593,534,82,129,27,2,16,66,19,3,54,144,0.242,0.312,0.39,0.701,98,0.313,96,208,7,2,0,3,2,NA
84,Josh Smith,2024,26,TEX,AL,3.2,149,592,523,67,135,30,1,13,62,11,2,46,121,0.258,0.337,0.394,0.731,110,0.329,112,206,6,18,2,3,1,SS
85,Seiya Suzuki,2024,29,CHC,NL,3.5,132,585,512,74,145,27,6,21,73,16,6,63,160,0.283,0.366,0.482,0.848,138,0.364,136,247,6,6,0,4,3,NA
86,Riley Greene,2024,23,DET,AL,5.4,137,584,512,82,134,27,6,24,74,4,2,64,156,0.262,0.348,0.479,0.827,133,0.358,133,245,2,5,0,2,3,AS
87,Ketel Marte,2024,30,ARI,NL,6.8,136,583,504,93,147,23,2,36,95,7,1,65,106,0.292,0.372,0.56,0.932,155,0.396,155,282,9,5,0,9,7,ASMVP-3SS
88,Jake Burger,2024,28,MIA,NL,0.5,137,579,535,68,134,23,1,29,76,1,1,31,150,0.25,0.301,0.46,0.76,103,0.327,100,246,11,9,0,4,2,NA
89,Jorge Soler,2024,32,SFG,NL,1.1,93,392,341,57,82,23,1,12,40,1,0,44,97,0.24,0.33,0.419,0.749,115,0.334,119,143,9,3,0,3,0,NA
89,Jorge Soler,2024,32,ATL,NL,0.1,49,182,152,27,37,11,0,9,24,0,0,24,44,0.243,0.356,0.493,0.849,134,0.364,133,75,0,3,0,1,0,NA
90,Jackson Chourio,2024,20,MIL,NL,3.8,148,573,528,80,145,29,4,21,79,22,7,39,121,0.275,0.327,0.464,0.791,117,0.344,115,245,7,3,1,2,4,MVP-22ROY-3
91,Ceddanne Rafaela,2024,23,BOS,AL,2.8,152,571,544,70,134,23,5,15,75,19,10,15,151,0.246,0.274,0.39,0.664,82,0.299,85,212,8,7,2,3,1,NA
92,Bryson Stott,2024,26,PHI,NL,2.5,148,571,506,65,124,19,2,11,57,32,3,53,93,0.245,0.315,0.356,0.671,89,0.309,87,180,9,3,0,9,1,NA
93,Cody Bellinger,2024,28,CHC,NL,2.2,130,569,516,72,137,23,3,18,78,9,2,45,89,0.266,0.325,0.426,0.751,111,0.326,108,220,10,3,0,5,7,NA
94,Michael Busch,2024,26,CHC,NL,2.8,152,567,496,73,123,28,2,21,65,2,1,63,162,0.248,0.335,0.44,0.775,118,0.338,118,218,9,4,0,4,1,NA
95,Matt Vierling,2024,27,DET,AL,3,144,567,518,80,133,28,5,16,57,6,1,41,121,0.257,0.312,0.423,0.735,107,0.323,106,219,9,3,0,5,1,NA
96,Nathaniel Lowe,2024,28,TEX,AL,2.7,140,565,486,62,129,16,1,16,69,2,0,71,125,0.265,0.361,0.401,0.762,120,0.342,122,195,9,4,0,4,1,NA
97,Colton Cowser,2024,24,BAL,AL,3.1,153,561,499,77,121,24,3,24,69,9,4,52,172,0.242,0.321,0.447,0.768,123,0.329,119,223,9,7,0,3,2,ROY-2
98,Wyatt Langford,2024,22,TEX,AL,3.9,134,557,499,74,126,25,4,16,74,19,3,51,115,0.253,0.325,0.415,0.74,111,0.329,110,207,6,4,0,3,3,ROY-7
99,Colt Keith,2024,22,DET,AL,1.1,148,556,516,54,134,15,4,13,61,7,1,36,110,0.26,0.309,0.38,0.689,96,0.308,95,196,4,2,0,2,2,NA
100,Vinnie Pasquantino,2024,26,KCR,AL,1.1,131,554,496,64,130,30,2,19,97,1,0,40,71,0.262,0.315,0.446,0.76,111,0.328,108,221,12,4,1,13,1,NA
101,Lourdes Gurriel Jr.,2024,30,ARI,NL,2,133,553,513,72,143,22,2,18,75,7,1,29,101,0.279,0.322,0.435,0.757,109,0.329,106,223,16,6,0,5,1,NA
102,Christian Walker,2024,33,ARI,NL,2.6,130,552,479,72,120,26,0,26,84,2,2,55,133,0.251,0.335,0.468,0.803,121,0.34,116,224,12,10,0,8,4,GG
103,Zack Gelof,2024,24,OAK,AL,1.4,138,547,497,60,105,20,2,17,49,25,3,38,188,0.211,0.27,0.362,0.632,82,0.286,80,180,7,4,3,5,0,NA
104,Will Smith,2024,29,LAD,NL,3.5,128,544,476,77,118,24,2,20,75,1,1,51,105,0.248,0.327,0.433,0.76,116,0.327,112,206,8,9,0,8,6,AS
105,Steven Kwan,2024,26,CLE,AL,4,122,540,480,83,140,16,3,14,44,12,5,53,51,0.292,0.368,0.425,0.793,126,0.352,128,204,5,5,2,0,0,ASGG
106,Brendan Rodgers,2024,27,COL,NL,1.1,135,539,501,67,134,29,1,13,54,1,0,31,132,0.267,0.314,0.407,0.721,94,0.317,92,204,12,4,1,2,1,NA
107,Trea Turner,2024,31,PHI,NL,3,121,539,505,88,149,25,0,21,62,19,4,27,98,0.295,0.338,0.469,0.807,124,0.358,127,237,10,6,0,1,0,AS
108,Justin Turner,2024,39,TOR,AL,0.4,91,349,301,37,77,17,0,6,31,0,2,39,60,0.256,0.35,0.372,0.722,107,0.321,109,112,15,6,0,3,0,NA
108,Justin Turner,2024,39,SEA,AL,1.2,48,190,159,22,42,7,0,5,24,0,0,20,35,0.264,0.363,0.403,0.766,128,0.341,130,64,1,7,0,4,2,NA
109,Jesús Sánchez,2024,26,MIA,NL,0.7,149,537,489,60,123,25,1,18,64,16,2,41,140,0.252,0.313,0.417,0.731,97,0.326,96,204,12,4,1,2,2,NA
110,Ty France,2024,29,SEA,AL,-0.2,88,340,300,28,67,14,0,8,31,0,1,28,83,0.223,0.312,0.35,0.662,97,0.3,102,105,11,11,0,1,0,NA
110,Ty France,2024,29,CIN,NL,-0.4,52,195,179,18,45,10,0,5,20,1,0,10,31,0.251,0.292,0.391,0.683,85,0.302,83,70,5,2,0,4,0,NA
111,Shea Langeliers,2024,26,OAK,AL,2.9,137,534,482,58,108,18,2,29,80,4,2,41,145,0.224,0.288,0.45,0.739,111,0.321,111,217,15,5,0,6,2,NA
112,Corey Seager,2024,30,TEX,AL,5,123,533,475,68,132,21,0,30,74,1,1,53,96,0.278,0.353,0.512,0.864,145,0.363,139,243,8,3,0,2,11,ASMVP-15
113,Leody Taveras,2024,25,TEX,AL,0.5,151,529,480,59,110,17,3,12,44,23,6,42,112,0.229,0.289,0.352,0.641,84,0.293,84,169,8,0,3,4,0,NA
114,Luis García Jr.,2024,24,WSN,NL,2.2,140,528,500,58,141,25,1,18,70,22,5,27,86,0.282,0.318,0.444,0.762,115,0.336,114,222,12,0,0,1,2,NA
115,Lane Thomas,2024,28,WSN,NL,0.5,77,341,300,42,76,16,3,8,40,28,12,32,72,0.253,0.331,0.407,0.738,109,0.334,115,122,4,5,0,4,0,NA
115,Lane Thomas,2024,28,CLE,AL,-0.2,53,187,172,23,36,10,0,7,23,4,2,12,65,0.209,0.267,0.39,0.657,85,0.28,76,67,1,2,0,1,1,NA
116,Sal Frelick,2024,24,MIL,NL,2.1,145,524,475,66,123,22,4,2,32,18,3,39,78,0.259,0.32,0.335,0.655,83,0.303,84,159,8,4,2,1,0,GG
117,Andrew Benintendi,2024,29,CHW,AL,-0.8,135,522,477,50,109,20,0,20,64,3,2,41,96,0.229,0.289,0.396,0.685,95,0.299,92,189,12,1,0,3,1,NA
118,Logan O'Hoppe,2024,24,LAA,AL,2.7,136,522,479,64,117,17,1,20,56,2,3,33,155,0.244,0.303,0.409,0.712,100,0.315,102,196,7,8,1,1,0,NA
119,Jacob Young,2024,24,WSN,NL,2.8,150,521,468,75,120,24,1,3,36,33,10,30,102,0.256,0.316,0.331,0.648,86,0.299,87,155,11,12,9,2,0,NA
120,Heliot Ramos,2024,24,SFG,NL,2.3,121,518,475,54,128,23,3,22,72,6,1,37,135,0.269,0.322,0.469,0.792,125,0.349,129,223,12,2,0,4,2,AS
121,Rhys Hoskins,2024,31,MIL,NL,-0.2,131,517,449,59,96,14,0,26,82,3,0,53,149,0.214,0.303,0.419,0.722,98,0.314,95,188,11,7,0,6,1,NA
122,Mookie Betts,2024,31,LAD,NL,4.8,116,516,450,75,130,24,5,19,75,16,2,61,57,0.289,0.372,0.491,0.863,145,0.377,145,221,10,1,0,4,2,ASMVP-13SS
123,Andrew McCutchen,2024,37,PIT,NL,0.8,120,515,448,66,104,18,1,20,50,3,2,58,133,0.232,0.328,0.411,0.739,105,0.332,110,184,9,7,0,2,1,NA
124,Tyler Stephenson,2024,27,CIN,NL,2.4,138,515,457,69,118,26,1,19,66,1,0,48,117,0.258,0.338,0.444,0.782,112,0.345,114,203,9,8,0,2,2,NA
125,Jake Meyers,2024,28,HOU,AL,1.7,148,513,461,51,101,20,3,13,61,11,3,35,117,0.219,0.286,0.36,0.646,85,0.288,83,166,17,10,3,4,0,NA
126,Daulton Varsho,2024,27,TOR,AL,5,136,513,459,73,98,21,7,18,58,10,2,48,137,0.214,0.293,0.407,0.7,98,0.306,94,187,2,4,1,1,1,GG
127,Joey Ortiz,2024,25,MIL,NL,2.7,142,511,440,58,105,25,6,11,60,11,6,56,103,0.239,0.329,0.398,0.726,101,0.317,98,175,10,6,3,6,0,NA
128,Jesse Winker,2024,30,WSN,NL,1.9,101,379,315,51,81,18,0,11,45,14,4,53,84,0.257,0.374,0.419,0.793,126,0.358,131,132,9,7,2,2,2,NA
128,Jesse Winker,2024,30,NYM,NL,0.1,44,129,115,12,28,5,0,3,13,0,0,10,22,0.243,0.318,0.365,0.683,95,0.303,95,42,3,3,0,1,0,NA
129,Ryan Mountcastle,2024,27,BAL,AL,2.6,124,507,473,54,128,30,2,13,63,3,0,27,114,0.271,0.308,0.425,0.733,113,0.323,114,201,13,1,0,6,0,NA
130,Gavin Sheets,2024,28,CHW,AL,-1,139,501,451,35,105,24,1,10,45,2,2,43,106,0.233,0.303,0.357,0.66,90,0.292,88,161,6,4,0,3,2,NA
131,Charlie Blackmon,2024,37,COL,NL,0.6,124,499,449,59,115,24,5,12,52,6,2,43,86,0.256,0.329,0.412,0.741,100,0.329,100,185,4,6,0,1,2,NA
132,Cedric Mullins,2024,29,BAL,AL,2.6,147,499,444,69,104,16,3,18,54,32,6,41,98,0.234,0.305,0.405,0.71,107,0.322,107,180,1,5,2,2,0,NA
133,Isiah Kiner-Falefa,2024,29,TOR,AL,3.2,83,281,257,32,75,8,2,7,33,3,1,13,37,0.292,0.338,0.42,0.758,116,0.338,119,108,9,6,3,2,0,NA
133,Isiah Kiner-Falefa,2024,29,PIT,NL,0.4,50,215,208,21,50,10,2,1,10,8,1,3,41,0.24,0.265,0.322,0.587,63,0.27,60,67,3,4,0,0,0,NA
134,J.D. Martinez,2024,36,NYM,NL,0.5,120,495,434,46,102,24,1,16,69,0,0,49,141,0.235,0.32,0.406,0.725,106,0.321,108,176,17,6,0,2,0,NA
135,Jake McCarthy,2024,26,ARI,NL,1.7,142,495,442,66,126,13,7,8,56,25,6,31,78,0.285,0.349,0.4,0.749,109,0.335,107,177,4,14,5,3,1,NA
136,Ryan O'Hearn,2024,30,BAL,AL,1.9,142,494,443,60,117,21,3,15,59,3,1,46,69,0.264,0.334,0.427,0.761,122,0.337,125,189,7,2,0,3,2,NA
137,Jonah Heim,2024,29,TEX,AL,1.1,131,491,459,45,101,12,1,13,59,1,1,26,90,0.22,0.267,0.336,0.602,72,0.268,71,154,13,4,0,2,0,NA
138,Michael Conforto,2024,31,SFG,NL,1.3,130,488,438,56,104,27,3,20,66,0,1,42,118,0.237,0.309,0.45,0.759,116,0.326,115,197,16,5,0,3,1,NA
139,Gavin Lux,2024,26,LAD,NL,2.1,139,487,439,59,110,24,2,10,50,5,2,44,110,0.251,0.32,0.383,0.703,101,0.314,103,168,8,2,0,2,0,NA
140,Connor Wong,2024,28,BOS,AL,1.6,126,487,447,54,125,24,1,13,52,8,7,28,114,0.28,0.333,0.425,0.758,110,0.327,107,190,7,9,1,2,1,NA
141,Keibert Ruiz,2024,25,WSN,NL,0.6,127,485,459,46,105,21,0,13,57,3,1,16,54,0.229,0.26,0.359,0.619,74,0.27,70,165,13,5,0,5,0,NA
142,José Caballero,2024,27,TBR,AL,1.6,139,483,441,53,100,24,1,9,44,44,16,27,133,0.227,0.283,0.347,0.63,80,0.292,83,153,6,9,3,3,1,NA
143,Paul DeJong,2024,30,CHW,AL,0.2,102,363,337,39,77,14,0,18,41,2,1,14,112,0.228,0.275,0.43,0.706,99,0.303,95,145,8,9,0,3,0,NA
143,Paul DeJong,2024,30,KCR,AL,0.7,37,119,108,15,24,3,0,6,15,0,1,9,44,0.222,0.277,0.417,0.694,92,0.308,97,45,1,0,0,2,0,NA
144,Tommy Pham,2024,36,CHW,AL,0,70,297,271,33,72,14,1,5,19,6,3,25,63,0.266,0.33,0.38,0.71,104,0.327,112,103,2,1,0,0,0,NA
144,Tommy Pham,2024,36,STL,NL,-0.4,23,77,68,7,14,3,1,2,12,0,0,7,16,0.206,0.286,0.368,0.653,82,0.285,77,25,2,1,0,1,0,NA
144,Tommy Pham,2024,36,KCR,AL,0.1,23,104,101,9,23,3,1,2,8,1,0,3,27,0.228,0.25,0.337,0.587,64,0.272,66,34,1,0,0,0,0,NA
145,Brandon Marsh,2024,26,PHI,NL,3.1,135,476,418,55,104,17,3,16,60,19,3,50,154,0.249,0.328,0.419,0.747,109,0.338,111,175,2,2,1,5,0,NA
146,Josh Rojas,2024,30,SEA,AL,2.2,142,476,422,48,95,19,2,8,31,10,4,46,108,0.225,0.304,0.336,0.641,91,0.289,92,142,6,3,1,2,1,NA
147,Mike Yastrzemski,2024,33,SFG,NL,2.1,140,474,428,60,99,16,9,18,57,3,2,38,124,0.231,0.302,0.437,0.739,110,0.317,108,187,5,6,1,1,1,NA
148,Tyler O'Neill,2024,29,BOS,AL,2.6,113,473,411,74,99,18,0,31,61,4,0,53,159,0.241,0.336,0.511,0.847,132,0.365,131,210,13,7,0,2,5,NA
149,Jeff McNeil,2024,32,NYM,NL,1.6,129,472,424,57,101,26,0,12,44,5,1,35,68,0.238,0.308,0.384,0.692,97,0.308,98,163,6,9,1,3,1,NA
150,Michael Harris II,2024,23,ATL,NL,3.2,110,470,440,58,116,14,3,16,48,10,6,23,94,0.264,0.304,0.418,0.722,99,0.32,102,184,6,4,0,3,1,NA
151,Ha-Seong Kim,2024,28,SDP,NL,2.6,121,470,403,60,94,16,3,11,47,22,5,58,77,0.233,0.33,0.37,0.7,96,0.318,96,149,8,2,4,3,4,NA
152,Jorge Polanco,2024,30,SEA,AL,1.3,118,469,417,43,89,11,0,16,45,4,2,46,137,0.213,0.296,0.355,0.651,93,0.294,96,148,16,4,0,2,3,NA
153,Austin Riley,2024,27,ATL,NL,2.9,110,469,425,63,109,26,2,19,56,0,0,37,118,0.256,0.322,0.461,0.783,115,0.343,117,196,6,5,0,2,0,NA
154,Ryan Jeffers,2024,27,MIN,AL,2.1,122,465,412,56,93,22,0,21,64,3,0,32,94,0.226,0.3,0.432,0.732,103,0.322,103,178,9,14,1,6,0,NA
155,Xander Bogaerts,2024,31,SDP,NL,1.2,111,463,428,50,113,15,1,11,44,13,3,28,79,0.264,0.307,0.381,0.688,92,0.307,90,163,13,1,0,6,0,NA
156,Jeimer Candelario,2024,30,CIN,NL,-0.7,112,463,427,47,96,23,2,20,56,4,3,27,114,0.225,0.279,0.429,0.707,90,0.306,87,183,7,6,0,3,1,NA
157,Mark Canha,2024,35,DET,AL,0.6,93,377,320,42,74,17,0,7,38,4,0,42,79,0.231,0.337,0.35,0.687,97,0.32,103,112,9,11,0,4,2,NA
157,Mark Canha,2024,35,SFG,NL,0,32,85,73,4,21,3,0,0,4,3,0,9,17,0.288,0.376,0.329,0.705,107,0.326,108,24,1,2,0,1,0,NA
158,Gio Urshela,2024,32,DET,AL,-0.3,92,325,300,25,73,10,1,5,37,0,0,19,49,0.243,0.286,0.333,0.619,76,0.284,79,100,12,1,0,5,1,NA
158,Gio Urshela,2024,32,ATL,NL,1,36,136,132,9,35,9,0,4,15,0,0,4,23,0.265,0.287,0.424,0.711,95,0.304,89,56,1,0,0,0,0,NA
159,Max Schuemann,2024,27,OAK,AL,0.8,133,459,396,55,87,14,0,7,34,14,1,47,119,0.22,0.311,0.308,0.619,82,0.292,86,122,8,7,5,4,0,NA
160,Giancarlo Stanton,2024,34,NYY,AL,0.7,114,459,417,49,97,20,0,27,72,0,0,38,143,0.233,0.298,0.475,0.773,115,0.33,112,198,17,2,0,2,2,NA
161,Michael Toglia,2024,25,COL,NL,2.2,116,458,399,62,87,14,3,25,55,10,1,54,147,0.218,0.311,0.456,0.767,105,0.334,102,182,7,1,0,3,2,NA
162,Luke Raley,2024,29,SEA,AL,3.2,137,455,404,58,98,19,2,22,58,11,2,27,135,0.243,0.32,0.463,0.783,129,0.346,131,187,2,20,2,2,0,NA
163,Davis Schneider,2024,25,TOR,AL,0,135,454,397,48,76,19,1,13,46,6,0,47,144,0.191,0.282,0.343,0.625,78,0.28,76,136,2,5,0,5,0,NA
164,Mark Vientos,2024,24,NYM,NL,3.1,111,454,413,58,110,22,0,27,71,0,0,33,135,0.266,0.322,0.516,0.837,135,0.361,137,213,6,3,0,5,0,NA
165,Ernie Clement,2024,28,TOR,AL,3.4,139,452,434,48,114,21,3,12,51,12,3,11,41,0.263,0.284,0.408,0.692,95,0.317,102,177,11,3,2,2,1,NA
166,Jo Adell,2024,25,LAA,AL,0.9,130,451,405,54,84,15,2,20,62,15,10,35,126,0.207,0.28,0.402,0.682,91,0.297,90,163,9,7,0,3,1,NA
167,Lawrence Butler,2024,23,OAK,AL,3,125,451,412,63,108,24,2,22,57,18,0,35,108,0.262,0.317,0.49,0.807,131,0.357,130,202,8,0,0,4,0,NA
168,J.P. Crawford,2024,29,SEA,AL,2.7,105,451,392,55,79,16,2,9,37,5,0,52,102,0.202,0.304,0.321,0.625,86,0.286,89,126,4,6,0,1,0,NA
169,MJ Melendez,2024,25,KCR,AL,-0.9,135,451,412,44,85,23,3,17,44,4,4,35,113,0.206,0.273,0.4,0.674,87,0.29,83,165,3,3,0,0,1,NA
170,Jarred Kelenic,2024,24,ATL,NL,0.4,131,449,412,49,95,18,2,15,45,7,2,32,133,0.231,0.286,0.393,0.679,87,0.301,86,162,5,1,1,3,1,NA
171,Joc Pederson,2024,32,ARI,NL,2.9,132,449,367,62,101,17,1,23,64,7,4,55,105,0.275,0.393,0.515,0.908,151,0.388,151,189,5,18,1,3,2,NA
172,Patrick Bailey,2024,25,SFG,NL,1.8,121,448,401,46,94,16,1,8,46,4,0,39,100,0.234,0.298,0.339,0.637,84,0.286,84,136,10,0,1,7,0,GG
173,Jose Siri,2024,28,TBR,AL,1.8,130,448,402,50,75,16,1,18,47,14,7,31,170,0.187,0.255,0.366,0.62,76,0.272,73,147,5,7,2,4,0,NA
174,Wilyer Abreu,2024,25,BOS,AL,3.4,132,447,399,59,101,33,2,15,58,8,3,40,125,0.253,0.322,0.459,0.781,114,0.339,112,183,7,3,0,5,0,ROY-6GG
175,Jordan Westburg,2024,25,BAL,AL,2.4,107,447,416,57,110,26,5,18,63,6,3,22,97,0.264,0.312,0.481,0.792,129,0.34,127,200,5,7,1,1,0,AS
176,Jared Triolo,2024,26,PIT,NL,1.3,125,446,394,41,85,10,1,9,46,8,1,42,118,0.216,0.296,0.315,0.611,71,0.286,74,124,5,5,0,5,0,GG
177,Nicky Lopez,2024,29,CHW,AL,0.2,124,445,398,40,96,12,3,1,21,5,7,37,67,0.241,0.312,0.294,0.606,76,0.282,83,117,3,4,6,0,0,NA
178,Andy Pages,2024,23,LAD,NL,1.3,116,443,403,65,100,23,1,13,46,1,2,29,108,0.248,0.305,0.407,0.712,102,0.31,101,164,8,6,0,4,0,NA
179,Brayan Rocchio,2024,23,CLE,AL,1.9,143,442,383,50,79,18,0,8,36,10,6,44,90,0.206,0.298,0.316,0.614,76,0.281,78,121,11,8,2,5,1,NA
180,Dylan Moore,2024,31,SEA,AL,2.2,135,441,368,53,74,23,4,10,42,32,6,53,123,0.201,0.32,0.367,0.687,104,0.322,109,135,8,14,1,5,1,GG
181,Fernando Tatis Jr.,2024,25,SDP,NL,2.6,102,438,398,64,110,21,1,21,49,11,3,32,96,0.276,0.34,0.492,0.833,130,0.36,129,196,8,7,0,1,0,AS
182,Harrison Bader,2024,30,NYM,NL,0.9,143,437,402,57,95,19,0,12,51,17,8,21,95,0.236,0.284,0.373,0.657,86,0.287,84,150,6,8,0,6,1,NA
183,Ozzie Albies,2024,27,ATL,NL,1.6,99,435,399,52,100,29,1,10,53,8,1,27,65,0.251,0.303,0.404,0.707,95,0.313,93,161,6,5,0,4,0,NA
184,Otto López,2024,25,MIA,NL,2.6,117,434,403,49,109,23,1,6,39,20,4,25,75,0.27,0.313,0.377,0.69,87,0.32,91,152,13,1,2,2,0,NA
185,Blake Perkins,2024,27,MIL,NL,1.8,121,434,383,54,92,13,2,6,43,23,5,42,108,0.24,0.316,0.332,0.647,81,0.301,81,127,3,3,0,6,1,NA
186,Mitch Garver,2024,33,SEA,AL,-0.1,114,430,367,37,63,17,0,15,51,0,0,53,133,0.172,0.286,0.341,0.627,85,0.282,88,125,9,7,0,3,0,NA
187,José Miranda,2024,26,MIN,AL,1.7,121,429,401,44,114,28,4,9,49,2,2,18,66,0.284,0.322,0.441,0.763,112,0.333,112,177,13,6,0,4,1,NA
188,Mauricio Dubón,2024,29,HOU,AL,1.1,137,428,402,45,108,25,0,4,47,3,2,16,55,0.269,0.296,0.361,0.657,88,0.289,85,145,6,2,3,5,0,NA
189,Kyle Isbel,2024,27,KCR,AL,1.8,136,426,384,62,88,13,8,8,42,11,2,27,88,0.229,0.287,0.367,0.654,83,0.296,82,141,4,5,8,2,0,NA
190,Brandon Lowe,2024,29,TBR,AL,2.4,107,425,385,56,94,19,3,21,58,5,1,33,112,0.244,0.311,0.473,0.783,121,0.339,120,182,7,5,0,2,2,NA
191,Wenceel Pérez,2024,24,DET,AL,0.7,112,425,389,51,94,16,6,9,37,9,5,32,92,0.242,0.3,0.383,0.683,93,0.302,93,149,5,1,2,1,0,NA
192,Luis Robert Jr.,2024,26,CHW,AL,1.4,100,425,393,47,88,19,0,14,35,23,6,28,141,0.224,0.278,0.379,0.657,87,0.298,88,149,8,2,0,1,2,NA
193,Hunter Renfroe,2024,32,KCR,AL,0,120,424,385,44,88,18,0,15,52,1,1,36,84,0.229,0.297,0.392,0.689,92,0.308,94,151,10,2,0,1,0,NA
194,Mitch Haniger,2024,33,SEA,AL,-0.2,121,423,380,42,79,12,0,12,44,0,0,40,126,0.208,0.286,0.334,0.62,84,0.281,87,127,10,2,0,1,0,NA
195,Rowdy Tellez,2024,29,PIT,NL,-0.4,131,421,383,38,93,18,0,13,56,1,0,31,89,0.243,0.299,0.392,0.691,91,0.305,90,150,12,2,0,5,0,NA
196,Masataka Yoshida,2024,30,BOS,AL,1.4,108,421,378,45,106,21,0,10,56,2,0,27,52,0.28,0.349,0.415,0.765,112,0.341,114,157,6,14,0,2,0,NA
197,Mickey Moniak,2024,26,LAA,AL,-0.1,124,418,392,48,86,17,2,14,49,8,4,21,114,0.219,0.266,0.38,0.646,81,0.283,78,149,3,4,0,1,0,NA
198,Connor Joe,2024,31,PIT,NL,0.6,123,416,364,49,83,22,1,9,36,2,2,44,91,0.228,0.32,0.368,0.688,92,0.306,92,134,7,6,0,2,1,NA
199,Austin Wells,2024,24,NYY,AL,2.5,115,414,354,42,81,18,1,13,55,1,2,47,87,0.229,0.322,0.395,0.718,103,0.318,104,140,9,5,1,7,0,ROY-3
200,J.T. Realmuto,2024,33,PHI,NL,3,99,413,380,50,101,18,1,14,47,2,2,27,102,0.266,0.322,0.429,0.751,109,0.331,112,163,7,5,0,1,1,NA
201,Pete Crow-Armstrong,2024,22,CHC,NL,2.3,123,410,372,46,88,13,6,10,47,27,3,21,98,0.237,0.286,0.384,0.67,88,0.3,82,143,4,6,8,3,2,NA
202,Lars Nootbaar,2024,26,STL,NL,1.5,109,405,348,39,85,18,3,12,45,7,3,52,79,0.244,0.342,0.417,0.758,111,0.334,112,145,10,1,1,3,2,NA
203,Jon Singleton,2024,32,HOU,AL,0.3,119,405,355,46,83,13,1,13,42,0,0,47,111,0.234,0.321,0.386,0.707,103,0.317,105,137,2,0,0,3,0,NA
204,Nolan Gorman,2024,24,STL,NL,0.3,107,402,365,42,74,15,0,19,50,6,1,34,151,0.203,0.271,0.4,0.671,85,0.291,79,146,2,1,0,2,1,NA
205,LaMonte Wade Jr.,2024,30,SFG,NL,2.1,117,401,331,45,86,16,0,8,34,2,1,62,90,0.26,0.38,0.381,0.761,121,0.337,122,126,2,4,1,3,5,NA
206,Seth Brown,2024,31,OAK,AL,-0.6,124,400,372,32,86,11,1,14,44,4,2,25,112,0.231,0.283,0.379,0.662,91,0.291,90,141,7,2,0,1,0,NA
207,Trevor Larnach,2024,27,MIN,AL,1.3,112,400,355,59,92,17,0,15,52,4,1,40,89,0.259,0.338,0.434,0.771,116,0.341,117,154,12,3,0,2,1,NA
208,Max Kepler,2024,31,MIN,AL,1,105,399,368,43,93,21,1,8,42,1,0,22,80,0.253,0.302,0.38,0.682,91,0.315,98,140,3,5,0,3,0,NA
209,Ke'Bryan Hayes,2024,27,PIT,NL,0.8,96,396,365,38,85,9,0,4,25,11,2,23,75,0.233,0.283,0.29,0.573,61,0.267,60,106,12,4,0,4,1,NA
210,Korey Lee,2024,25,CHW,AL,0.1,125,394,377,36,79,14,1,12,37,6,3,17,122,0.21,0.244,0.347,0.591,68,0.264,68,131,12,0,0,0,0,NA
211,Kiké Hernández,2024,32,LAD,NL,1.3,126,393,362,44,83,16,0,12,42,0,0,27,77,0.229,0.281,0.373,0.654,85,0.294,88,135,13,0,1,3,0,NA
212,David Fry,2024,28,CLE,AL,1.4,122,392,335,44,88,18,1,14,51,4,1,42,84,0.263,0.356,0.448,0.804,128,0.352,128,150,13,9,0,4,4,AS
213,Santiago Espinal,2024,29,CIN,NL,-0.4,118,391,357,32,88,12,0,9,45,11,1,24,54,0.246,0.295,0.356,0.65,77,0.294,73,127,7,2,4,4,1,NA
214,Bo Naylor,2024,24,CLE,AL,0.7,123,389,354,39,71,10,2,13,39,6,3,29,122,0.201,0.264,0.35,0.614,73,0.272,71,124,3,2,2,2,1,NA
215,Will Benson,2024,26,CIN,NL,-1.4,128,388,343,41,64,19,2,14,43,16,7,40,154,0.187,0.274,0.376,0.65,76,0.285,70,129,3,2,1,2,0,NA
216,Byron Buxton,2024,30,MIN,AL,3.6,102,388,355,62,99,27,3,18,56,7,2,20,99,0.279,0.335,0.524,0.859,137,0.369,136,186,3,11,0,2,1,NA
217,Geraldo Perdomo,2024,24,ARI,NL,3.5,98,388,337,61,92,21,2,3,37,9,1,36,58,0.273,0.344,0.374,0.718,101,0.328,104,126,5,3,7,5,0,NA
218,Nick Gonzales,2024,25,PIT,NL,0.9,94,387,359,42,97,19,3,7,49,5,3,18,74,0.27,0.311,0.398,0.709,96,0.316,98,143,8,5,1,4,1,NA
219,Josh Lowe,2024,26,TBR,AL,0.7,106,387,353,37,85,19,2,10,34,25,1,32,123,0.241,0.302,0.391,0.693,98,0.315,93,138,2,0,0,2,4,NA
220,Alejandro Kirk,2024,25,TOR,AL,2,103,386,340,23,86,19,1,5,54,0,0,35,51,0.253,0.319,0.359,0.677,94,0.303,94,122,11,2,0,9,1,NA
221,Tyler Freeman,2024,25,CLE,AL,0.9,118,383,330,48,69,14,1,7,32,11,6,28,53,0.209,0.305,0.321,0.626,79,0.288,83,106,15,19,3,3,1,NA
222,Jake Fraley,2024,29,CIN,NL,0.3,116,382,350,44,97,19,2,5,26,20,5,26,70,0.277,0.33,0.386,0.716,95,0.319,92,135,6,3,0,3,0,NA
223,Thairo Estrada,2024,28,SFG,NL,-0.5,96,381,364,43,79,15,2,9,47,2,2,10,76,0.217,0.247,0.343,0.59,68,0.263,69,125,8,5,0,2,0,NA
224,Spencer Horwitz,2024,26,TOR,AL,1.2,97,381,328,46,87,19,0,12,40,0,0,42,70,0.265,0.357,0.433,0.79,125,0.346,125,142,8,7,0,4,2,NA
225,Spencer Torkelson,2024,24,DET,AL,0.3,92,381,342,45,75,21,1,10,37,0,0,33,105,0.219,0.295,0.374,0.669,89,0.293,86,128,6,4,0,1,0,NA
226,Anthony Rizzo,2024,34,NYY,AL,0.2,92,375,337,38,77,12,0,8,35,0,0,27,65,0.228,0.301,0.335,0.637,81,0.297,88,113,7,9,0,2,0,NA
227,Starling Marte,2024,35,NYM,NL,0.7,94,370,335,46,90,13,3,7,40,16,1,27,81,0.269,0.327,0.388,0.715,104,0.328,107,130,8,3,3,2,1,NA
228,Lenyn Sosa,2024,24,CHW,AL,-0.4,100,369,351,28,89,13,0,8,35,3,1,12,77,0.254,0.283,0.359,0.642,84,0.282,79,126,5,3,2,1,1,NA
229,Freddy Fermin,2024,29,KCR,AL,3,111,368,339,40,92,14,0,6,36,2,0,23,66,0.271,0.319,0.366,0.685,93,0.307,92,124,10,2,1,3,1,NA
230,Carlos Correa,2024,29,MIN,AL,3.7,86,367,319,55,99,20,2,14,54,0,0,40,61,0.31,0.388,0.517,0.905,152,0.393,155,165,5,3,0,4,4,AS
231,Abraham Toro,2024,27,OAK,AL,0.6,94,364,337,34,81,17,1,6,26,4,2,20,62,0.24,0.293,0.35,0.643,87,0.285,85,118,4,5,2,0,1,NA
232,Miguel Amaya,2024,25,CHC,NL,1.9,117,363,328,32,76,13,2,8,47,0,0,23,62,0.232,0.288,0.357,0.644,82,0.292,84,117,5,4,5,3,0,NA
233,Johan Rojas,2024,23,PHI,NL,0.7,120,363,338,47,82,12,3,3,32,25,4,13,69,0.243,0.279,0.322,0.601,69,0.277,63,109,7,4,8,0,0,NA
234,Jonny DeLuca,2024,25,TBR,AL,0.6,107,362,332,29,72,12,4,6,31,16,6,24,77,0.217,0.278,0.331,0.609,75,0.279,76,110,1,4,2,0,1,NA
235,Brandon Drury,2024,31,LAA,AL,-2,97,360,325,28,55,7,0,4,15,1,0,27,81,0.169,0.242,0.228,0.469,35,0.228,38,74,13,5,0,3,0,NA
236,Willson Contreras,2024,32,STL,NL,3,84,358,301,48,79,17,0,15,36,4,1,45,96,0.262,0.38,0.468,0.848,136,0.37,137,141,7,12,0,0,2,NA
237,Michael Massey,2024,26,KCR,AL,1.6,100,356,332,45,86,17,2,14,45,1,0,15,56,0.259,0.294,0.449,0.743,105,0.328,108,149,9,3,2,4,1,NA
238,Will Brennan,2024,26,CLE,AL,-0.2,114,353,330,37,87,13,2,8,30,4,2,19,48,0.264,0.309,0.388,0.697,97,0.307,96,128,9,3,0,1,2,NA
239,Gabriel Moreno,2024,24,ARI,NL,2.6,97,351,305,39,81,18,1,5,45,3,1,41,52,0.266,0.353,0.38,0.734,105,0.327,105,116,10,2,0,3,1,NA
240,Elias Díaz,2024,33,COL,NL,1.2,84,327,304,26,82,18,0,5,36,0,0,17,64,0.27,0.315,0.378,0.693,87,0.306,84,115,13,4,0,2,2,NA
240,Elias Díaz,2024,33,SDP,NL,0.1,12,24,21,1,4,2,0,1,3,0,0,3,5,0.19,0.292,0.429,0.72,99,0.349,123,9,2,0,0,0,0,NA
241,Mike Tauchman,2024,33,CHC,NL,0.6,109,350,298,50,74,12,1,7,29,6,2,47,70,0.248,0.357,0.366,0.723,106,0.326,108,109,7,4,0,1,0,NA
242,Eloy Jiménez,2024,27,CHW,AL,-0.5,65,249,229,18,55,9,0,5,16,3,0,18,47,0.24,0.297,0.345,0.642,84,0.284,80,79,11,1,0,1,1,NA
242,Eloy Jiménez,2024,27,BAL,AL,-0.2,33,100,95,7,22,5,0,1,7,0,0,4,23,0.232,0.27,0.316,0.586,72,0.276,81,30,2,1,0,0,0,NA
243,Jake Bauers,2024,28,MIL,NL,-0.4,116,346,302,45,60,9,2,12,43,13,1,39,118,0.199,0.301,0.361,0.662,83,0.3,80,109,0,5,0,0,1,NA
244,Jake Cave,2024,31,COL,NL,-0.7,123,346,323,42,81,16,5,7,37,5,2,18,98,0.251,0.29,0.396,0.686,84,0.297,77,128,6,1,1,3,1,NA
245,Amed Rosario,2024,28,TBR,AL,0.5,76,275,264,22,81,17,3,2,26,9,4,7,48,0.307,0.331,0.417,0.748,114,0.333,116,110,9,3,0,1,0,NA
245,Amed Rosario,2024,28,LAD,NL,0.1,5,12,11,1,3,1,0,0,2,1,1,1,2,0.273,0.333,0.364,0.697,100,0.281,96,4,0,0,0,0,0,NA
245,Amed Rosario,2024,28,CIN,NL,-0.6,22,59,57,6,9,0,0,1,4,3,0,1,23,0.158,0.186,0.211,0.397,9,0.221,16,12,1,1,0,0,0,NA
246,Tyrone Taylor,2024,30,NYM,NL,2,130,345,319,47,79,22,3,7,35,11,2,19,80,0.248,0.299,0.401,0.701,99,0.317,102,128,4,5,1,1,1,NA
247,Manuel Margot,2024,29,MIN,AL,-0.9,129,343,315,37,75,17,1,4,31,5,0,21,54,0.238,0.289,0.337,0.626,76,0.281,72,106,10,3,1,3,0,NA
248,Francisco Alvarez,2024,22,NYM,NL,0.8,100,342,308,39,73,14,2,11,47,1,1,30,86,0.237,0.307,0.403,0.71,101,0.319,107,124,7,2,0,2,0,NA
249,Travis d'Arnaud,2024,35,ATL,NL,1.1,99,341,307,40,73,16,0,15,48,1,0,24,89,0.238,0.302,0.436,0.739,103,0.32,101,134,8,6,0,4,0,NA
250,Tyler Fitzgerald,2024,26,SFG,NL,2.8,96,341,314,53,88,19,2,15,34,17,4,22,108,0.28,0.334,0.497,0.831,136,0.367,140,156,2,4,0,1,0,NA
251,TJ Friedl,2024,28,CIN,NL,0.5,85,341,297,35,67,5,1,13,55,9,1,26,52,0.226,0.31,0.38,0.69,88,0.313,88,113,1,12,2,4,0,NA
252,Kyle Tucker,2024,27,HOU,AL,4.7,78,339,277,56,80,13,0,23,49,11,0,56,54,0.289,0.408,0.585,0.993,181,0.426,179,162,5,1,0,2,3,AS
253,Jake Rogers,2024,29,DET,AL,1,102,337,310,43,61,16,1,10,36,1,0,22,99,0.197,0.255,0.352,0.607,71,0.27,69,109,6,3,0,2,1,NA
254,Miguel Rojas,2024,35,LAD,NL,3.4,103,337,307,41,87,21,0,6,36,8,2,23,34,0.283,0.337,0.41,0.748,113,0.329,112,126,8,3,2,2,0,NA
255,Bo Bichette,2024,26,TOR,AL,-0.3,81,336,311,29,70,16,1,4,31,5,1,20,64,0.225,0.277,0.322,0.598,71,0.269,68,100,12,3,0,2,1,NA
256,James Wood,2024,21,WSN,NL,1.1,79,336,295,43,78,13,4,9,41,14,8,39,97,0.264,0.354,0.427,0.781,122,0.343,124,126,1,2,0,0,1,NA
257,Nick Fortes,2024,27,MIA,NL,0,110,335,308,28,70,16,0,4,29,0,1,11,41,0.227,0.259,0.318,0.577,56,0.249,44,98,6,4,7,5,0,NA
258,Whit Merrifield,2024,35,PHI,NL,0.1,53,174,156,21,31,4,1,3,11,11,1,15,19,0.199,0.277,0.295,0.572,62,0.292,74,46,2,2,1,0,0,NA
258,Whit Merrifield,2024,35,ATL,NL,0.2,42,161,137,23,34,5,2,1,4,6,2,20,33,0.248,0.348,0.336,0.684,93,0.323,101,46,5,1,3,0,0,NA
259,Michael Siani,2024,24,STL,NL,0.7,124,334,298,42,68,7,2,2,20,20,3,21,92,0.228,0.285,0.285,0.57,61,0.265,54,85,2,3,11,1,0,NA
260,Adam Duvall,2024,35,ATL,NL,-1.4,104,330,303,29,55,10,0,11,30,0,0,21,99,0.182,0.245,0.323,0.569,57,0.262,59,98,6,5,0,1,0,NA
261,Ben Rortvedt,2024,26,TBR,AL,0.9,112,328,290,27,66,13,0,3,31,1,0,34,88,0.228,0.317,0.303,0.621,80,0.287,83,88,6,4,0,0,0,NA
262,Oswaldo Cabrera,2024,25,NYY,AL,1.3,108,326,299,47,74,11,0,8,36,4,2,21,63,0.247,0.296,0.365,0.661,87,0.3,90,109,6,1,2,3,0,NA
263,Royce Lewis,2024,25,MIN,AL,0.7,82,325,292,40,68,16,0,16,47,0,0,28,74,0.233,0.295,0.452,0.747,107,0.315,99,132,5,0,0,5,2,NA
264,Zach McKinstry,2024,29,DET,AL,0.8,118,325,297,32,64,14,5,4,23,16,0,24,69,0.215,0.277,0.337,0.614,74,0.288,74,100,3,2,0,2,0,NA
265,Danny Jansen,2024,29,TOR,AL,0.6,62,228,198,27,42,13,0,6,18,0,0,25,42,0.212,0.303,0.369,0.671,91,0.3,92,73,1,2,0,3,0,NA
265,Danny Jansen,2024,29,BOS,AL,0.1,30,96,80,8,15,0,0,3,6,0,0,15,19,0.188,0.323,0.3,0.623,75,0.307,90,24,3,1,0,0,0,NA
266,Miguel Andujar,2024,29,OAK,AL,0.4,75,319,302,31,86,14,1,4,30,3,2,13,42,0.285,0.32,0.377,0.697,103,0.308,103,114,10,3,0,1,0,NA
267,Eddie Rosario,2024,32,WSN,NL,-1.2,67,235,219,26,40,11,0,7,26,8,1,13,54,0.183,0.226,0.329,0.555,56,0.254,54,72,4,0,1,2,0,NA
267,Eddie Rosario,2024,32,ATL,NL,-0.4,24,84,78,7,12,1,0,3,9,1,0,3,23,0.154,0.181,0.282,0.463,27,0.202,13,22,0,0,1,2,0,NA
268,David Hamilton,2024,26,BOS,AL,2.6,98,317,294,47,73,17,1,8,28,33,4,22,80,0.248,0.303,0.395,0.697,92,0.331,95,116,1,1,0,0,0,NA
269,Richie Palacios,2024,27,TBR,AL,1.8,92,316,264,46,59,8,1,5,21,19,1,45,67,0.223,0.346,0.318,0.664,94,0.318,96,84,5,5,0,1,2,NA
270,Christian Vázquez,2024,33,MIN,AL,-0.2,93,315,294,29,65,10,0,7,27,3,1,11,65,0.221,0.248,0.327,0.575,60,0.262,60,96,11,1,5,4,0,NA
271,Christian Yelich,2024,32,MIL,NL,2.2,73,315,270,44,85,12,3,11,42,21,1,40,58,0.315,0.406,0.504,0.909,151,0.404,151,136,3,2,1,1,3,AS
272,Kevin Pillar,2024,35,CHW,AL,0,17,32,25,1,4,2,0,1,4,2,0,4,8,0.16,0.29,0.36,0.65,86,0.303,83,9,0,1,1,1,0,NA
272,Kevin Pillar,2024,35,LAA,AL,0.3,83,282,259,37,61,14,1,7,41,10,3,12,61,0.236,0.291,0.378,0.669,88,0.298,86,98,10,9,0,2,0,NA
273,Joey Meneses,2024,32,WSN,NL,-0.5,76,313,281,19,65,11,0,3,42,2,0,21,63,0.231,0.291,0.302,0.593,70,0.28,76,85,9,5,0,6,1,NA
274,Carson Kelly,2024,29,DET,AL,0.7,60,203,179,21,43,4,1,7,29,0,0,17,40,0.24,0.325,0.391,0.716,104,0.315,102,70,3,6,0,1,0,NA
274,Carson Kelly,2024,29,TEX,AL,-0.2,31,110,102,11,24,5,0,2,8,0,0,8,15,0.235,0.291,0.343,0.634,82,0.286,83,35,3,0,0,0,0,NA
275,Kevin Newman,2024,30,ARI,NL,2.2,111,311,288,41,80,17,1,3,28,8,1,15,48,0.278,0.311,0.375,0.686,91,0.313,92,108,7,0,6,2,1,NA
276,Donovan Solano,2024,36,SDP,NL,1,96,309,283,31,81,13,0,8,35,2,1,22,65,0.286,0.343,0.417,0.76,112,0.339,116,118,6,3,0,1,0,NA
277,Ramón Laureano,2024,29,CLE,AL,0,31,83,70,7,10,3,0,1,4,3,1,7,32,0.143,0.265,0.229,0.494,43,0.248,52,16,1,5,0,1,0,NA
277,Ramón Laureano,2024,29,ATL,NL,1.3,67,226,216,28,64,13,1,10,29,5,2,8,64,0.296,0.327,0.505,0.832,128,0.37,136,109,4,2,0,0,0,NA
278,Rob Refsnyder,2024,33,BOS,AL,0.8,93,307,272,32,77,16,1,11,40,2,2,28,78,0.283,0.359,0.471,0.83,129,0.354,126,128,6,5,0,1,2,NA
279,Dominic Smith,2024,29,BOS,AL,0,84,278,249,29,59,20,0,6,34,1,1,25,65,0.237,0.317,0.39,0.706,96,0.314,96,97,7,4,0,0,0,NA
279,Dominic Smith,2024,29,CIN,NL,-0.1,9,29,26,4,5,2,0,0,0,0,0,3,11,0.192,0.276,0.269,0.545,50,0.25,45,7,0,0,0,0,0,NA
280,Luis Rengifo,2024,27,LAA,AL,1.9,78,304,283,41,85,13,1,6,30,24,7,16,44,0.3,0.347,0.417,0.763,116,0.344,116,118,6,4,1,0,0,NA
281,Xavier Edwards,2024,24,MIA,NL,2,70,303,265,39,87,12,5,1,26,31,4,33,52,0.328,0.397,0.423,0.82,124,0.383,128,112,0,0,1,4,1,NA
282,Ildemaro Vargas,2024,32,WSN,NL,-0.5,95,303,272,21,67,16,0,1,30,9,4,19,31,0.246,0.295,0.316,0.611,75,0.273,72,86,9,2,5,5,0,NA
283,Emmanuel Rivera,2024,28,MIA,NL,-0.7,96,229,201,15,43,6,1,1,15,2,0,20,51,0.214,0.294,0.269,0.563,55,0.263,53,54,5,4,1,3,0,NA
283,Emmanuel Rivera,2024,28,BAL,AL,0.2,27,73,64,9,20,3,1,4,14,0,0,6,18,0.313,0.37,0.578,0.948,173,0.392,165,37,2,1,0,2,0,NA
284,Edouard Julien,2024,25,MIN,AL,-0.2,94,301,266,36,53,9,0,8,21,6,0,33,102,0.199,0.292,0.323,0.616,74,0.288,76,86,2,2,0,0,0,NA
285,Ramón Urías,2024,30,BAL,AL,1.5,100,301,272,39,69,9,2,11,37,1,1,23,55,0.254,0.322,0.423,0.745,117,0.326,117,115,0,5,0,1,0,NA
286,Michael A. Taylor,2024,33,PIT,NL,0.9,113,300,269,35,52,9,1,5,21,12,1,23,105,0.193,0.253,0.29,0.543,52,0.255,47,78,3,0,4,4,0,NA
287,Luis Campusano,2024,25,SDP,NL,-0.7,91,299,277,37,63,13,0,8,40,0,0,20,41,0.227,0.281,0.361,0.642,78,0.287,78,100,11,1,0,1,0,NA
288,Parker Meadows,2024,24,DET,AL,2.2,82,298,270,39,66,12,6,9,28,9,4,25,76,0.244,0.31,0.433,0.743,109,0.324,108,117,0,1,1,1,0,NA
289,Nolan Jones,2024,26,COL,NL,-0.7,79,297,256,28,58,13,1,3,28,5,4,36,91,0.227,0.321,0.32,0.641,75,0.289,73,82,7,1,1,3,2,NA
290,Kerry Carpenter,2024,26,DET,AL,2.2,87,296,264,37,75,16,5,18,57,0,2,22,75,0.284,0.345,0.587,0.932,159,0.386,156,155,5,4,0,3,1,NA
291,Víctor Robles,2024,27,WSN,NL,0.1,14,33,25,3,3,0,0,0,2,4,1,5,9,0.12,0.281,0.12,0.401,21,0.254,48,3,0,1,1,1,0,NA
291,Víctor Robles,2024,27,SEA,AL,3.1,77,262,229,41,75,20,0,4,26,30,1,16,44,0.328,0.393,0.467,0.86,155,0.4,155,107,2,10,5,2,0,NA
292,Adam Frazier,2024,32,KCR,AL,0.3,104,294,262,35,53,10,1,4,22,3,0,22,59,0.202,0.282,0.294,0.576,63,0.269,64,77,0,7,3,0,0,NA
293,Max Muncy,2024,33,LAD,NL,3,73,293,237,47,55,17,0,15,48,1,0,45,77,0.232,0.358,0.494,0.852,141,0.361,136,117,1,5,0,6,3,NA
294,Jose Iglesias,2024,34,NYM,NL,3.1,85,291,270,39,91,16,1,4,26,6,2,12,39,0.337,0.381,0.448,0.83,137,0.361,136,121,4,8,0,1,1,NA
295,Javier Báez,2024,31,DET,AL,-1.1,80,289,272,25,50,12,0,6,37,8,1,12,69,0.184,0.221,0.294,0.516,46,0.236,41,80,10,2,0,3,1,NA
296,Ezequiel Durán,2024,25,TEX,AL,0,92,285,268,26,66,11,0,3,20,1,2,14,63,0.246,0.288,0.321,0.609,75,0.273,75,86,6,2,0,1,0,NA
297,Joey Bart,2024,27,PIT,NL,2.2,80,282,253,38,67,11,0,13,45,0,0,22,73,0.265,0.337,0.462,0.799,120,0.349,121,117,8,6,0,1,0,NA
298,Jacob Stallings,2024,34,COL,NL,1.8,82,281,243,31,64,17,1,9,36,0,0,27,65,0.263,0.357,0.453,0.81,118,0.355,119,110,10,9,1,1,1,NA
299,Kevin Kiermaier,2024,34,TOR,AL,0.9,82,217,200,24,39,7,2,4,18,5,0,10,66,0.195,0.236,0.31,0.546,55,0.25,51,62,3,1,5,1,0,NA
299,Kevin Kiermaier,2024,34,LAD,NL,0.1,34,64,59,7,12,2,1,1,8,1,2,2,20,0.203,0.242,0.322,0.564,60,0.263,74,19,1,1,2,0,0,NA
300,Gary Sánchez,2024,31,MIL,NL,0.2,89,280,245,30,54,7,1,11,37,0,0,27,76,0.22,0.307,0.392,0.699,93,0.312,94,96,9,5,0,3,0,NA
301,Randal Grichuk,2024,32,ARI,NL,2.2,106,279,254,40,74,20,2,12,46,0,0,20,46,0.291,0.348,0.528,0.875,140,0.377,142,134,5,3,0,2,0,NA
302,Vidal Bruján,2024,26,MIA,NL,0.5,102,278,248,32,55,14,2,2,16,5,6,25,54,0.222,0.303,0.319,0.622,70,0.271,64,79,5,4,1,0,3,NA
303,Tyler Nevin,2024,27,OAK,AL,-0.2,87,278,245,22,50,10,0,7,20,1,0,25,64,0.204,0.288,0.331,0.618,80,0.279,80,81,5,5,0,3,0,NA
304,Jack Suwinski,2024,25,PIT,NL,-1.7,88,277,247,29,45,8,0,9,26,9,1,27,79,0.182,0.264,0.324,0.588,63,0.277,66,80,3,1,1,1,2,NA
305,Nick Gordon,2024,28,MIA,NL,-1.7,95,275,260,29,59,11,1,8,32,5,5,11,67,0.227,0.258,0.369,0.627,68,0.263,58,96,5,1,0,3,0,NA
306,Victor Caratini,2024,30,HOU,AL,1.3,87,274,245,30,66,8,1,8,30,0,1,23,53,0.269,0.336,0.408,0.744,113,0.325,113,100,6,3,0,3,1,NA
307,Edmundo Sosa,2024,28,PHI,NL,2.3,90,274,249,39,64,12,4,7,31,7,1,13,66,0.257,0.313,0.422,0.734,104,0.33,107,105,5,8,1,2,0,NA
308,Jonah Bride,2024,28,MIA,NL,0.8,71,272,232,30,64,10,0,11,39,0,1,30,55,0.276,0.357,0.461,0.818,121,0.355,122,107,9,3,0,7,1,NA
309,Brett Wisely,2024,25,SFG,NL,0.5,91,272,252,25,60,13,1,4,31,2,3,13,65,0.238,0.278,0.345,0.623,79,0.271,77,87,3,2,2,3,0,NA
310,Chas McCormick,2024,29,HOU,AL,-0.6,94,267,242,32,51,6,1,5,27,8,2,17,72,0.211,0.271,0.306,0.576,66,0.274,71,74,3,4,1,3,0,NA
311,Nick Senzel,2024,29,WSN,NL,-0.7,64,235,206,25,43,10,0,7,18,1,3,27,53,0.209,0.303,0.359,0.663,88,0.291,89,74,6,1,0,0,1,NA
311,Nick Senzel,2024,29,CHW,AL,-0.7,10,32,30,0,3,1,0,0,0,0,0,1,8,0.1,0.129,0.133,0.262,-24,0.12,-41,4,0,0,1,0,0,NA
312,Dylan Carlson,2024,25,STL,NL,-1,59,138,121,12,24,5,0,0,11,0,1,12,37,0.198,0.275,0.24,0.515,47,0.233,42,29,2,2,0,3,0,NA
312,Dylan Carlson,2024,25,TBR,AL,-0.3,37,127,114,7,25,2,0,3,14,2,0,10,38,0.219,0.299,0.316,0.615,78,0.281,77,36,0,3,0,0,0,NA
313,Sean Murphy,2024,29,ATL,NL,1.3,72,264,233,19,45,5,1,10,25,0,0,27,67,0.193,0.284,0.352,0.636,76,0.293,81,82,7,3,0,1,1,NA
314,Kyle Higashioka,2024,34,SDP,NL,1.4,84,263,246,29,54,10,1,17,45,2,0,15,74,0.22,0.263,0.476,0.739,101,0.324,103,117,3,0,1,1,0,NA
315,Joey Loperfido,2024,25,HOU,AL,0.3,38,118,106,11,25,5,1,2,16,2,1,7,43,0.236,0.299,0.358,0.658,89,0.289,85,38,1,3,1,1,0,NA
315,Joey Loperfido,2024,25,TOR,AL,0.2,43,144,137,13,27,8,3,2,9,2,1,6,52,0.197,0.236,0.343,0.579,63,0.263,65,47,2,1,0,0,0,NA
316,Matt Wallner,2024,26,MIN,AL,2.2,75,261,220,26,57,17,1,13,37,3,0,24,95,0.259,0.372,0.523,0.894,149,0.387,149,115,2,16,0,1,0,NA
317,Joey Gallo,2024,30,WSN,NL,0.3,76,260,223,24,36,9,0,10,27,3,1,32,102,0.161,0.277,0.336,0.613,74,0.282,78,75,1,4,0,1,0,NA
318,David Peralta,2024,36,SDP,NL,0.8,91,260,236,35,63,11,0,8,28,2,0,22,54,0.267,0.335,0.415,0.75,109,0.335,112,98,3,2,0,0,0,NA
319,Iván Herrera,2024,24,STL,NL,1.7,72,259,229,37,69,12,1,5,27,5,0,25,53,0.301,0.372,0.428,0.8,124,0.362,129,98,3,2,0,2,0,NA
320,Jason Heyward,2024,34,LAD,NL,0.8,63,197,173,25,36,10,2,6,28,4,0,17,36,0.208,0.289,0.393,0.682,93,0.3,90,68,3,4,0,3,0,NA
320,Jason Heyward,2024,34,HOU,AL,0.3,24,61,55,8,12,2,0,4,9,1,0,5,17,0.218,0.283,0.473,0.756,112,0.316,102,26,0,0,0,0,2,NA
321,Austin Martin,2024,25,MIN,AL,-1,93,257,233,41,59,18,1,1,16,7,3,20,47,0.253,0.318,0.352,0.67,89,0.299,87,82,4,2,2,0,0,NA
322,Austin Hays,2024,28,BAL,AL,0.2,63,175,157,18,40,13,0,3,14,0,1,9,40,0.255,0.316,0.395,0.711,108,0.316,112,62,1,6,1,2,1,NA
322,Austin Hays,2024,28,PHI,NL,-0.3,22,80,78,8,20,5,0,2,6,2,1,0,19,0.256,0.275,0.397,0.672,86,0.286,79,31,1,2,0,0,0,NA
323,Willie Calhoun,2024,29,LAA,AL,-0.2,68,254,229,26,56,16,0,5,20,0,1,23,31,0.245,0.315,0.38,0.695,97,0.301,92,87,5,1,0,1,1,NA
324,Taylor Walls,2024,27,TBR,AL,1.4,84,252,218,27,40,5,3,1,14,16,4,31,67,0.183,0.282,0.248,0.529,55,0.251,53,54,3,0,0,3,0,NA
325,Juan Yepez,2024,26,WSN,NL,0.6,62,249,226,32,64,15,0,6,26,2,1,18,42,0.283,0.335,0.429,0.764,116,0.337,118,97,9,1,1,3,0,NA
326,Elehuris Montero,2024,25,COL,NL,-1.7,67,247,224,23,46,10,0,4,28,0,0,20,56,0.205,0.267,0.304,0.571,55,0.265,54,68,7,0,0,3,0,NA
327,Chris Taylor,2024,33,LAD,NL,-0.1,87,246,213,28,43,7,1,4,23,5,1,28,76,0.202,0.298,0.3,0.598,73,0.289,82,64,5,2,1,2,0,NA
328,Harold Ramírez,2024,29,TBR,AL,0.1,48,169,164,21,44,3,0,1,13,5,2,3,33,0.268,0.284,0.305,0.589,70,0.267,69,50,2,1,0,1,0,NA
328,Harold Ramírez,2024,29,WSN,NL,-0.2,25,77,74,7,18,4,1,1,16,1,0,2,17,0.243,0.273,0.365,0.638,80,0.278,74,27,0,1,0,0,0,NA
329,Robbie Grossman,2024,34,CHW,AL,-0.1,25,85,71,6,15,4,0,0,4,2,0,13,20,0.211,0.329,0.268,0.597,75,0.295,85,19,2,0,0,1,0,NA
329,Robbie Grossman,2024,34,TEX,AL,0.2,46,122,105,13,25,4,0,3,10,1,0,16,25,0.238,0.336,0.362,0.698,101,0.318,104,38,5,0,0,1,0,NA
329,Robbie Grossman,2024,34,KCR,AL,-0.4,16,38,32,2,4,0,0,0,2,0,0,5,13,0.125,0.263,0.125,0.388,15,0.201,17,4,1,1,0,0,0,NA
330,Andy Ibáñez,2024,31,DET,AL,1.4,99,244,224,30,54,9,1,5,32,2,3,15,63,0.241,0.295,0.357,0.652,85,0.289,86,80,2,3,0,2,0,NA
331,Triston Casas,2024,24,BOS,AL,0.6,63,243,212,28,51,8,0,13,32,0,1,30,77,0.241,0.337,0.462,0.8,120,0.34,116,98,6,1,0,0,4,NA
332,Yasmani Grandal,2024,35,PIT,NL,0.6,72,243,215,26,49,10,0,9,27,1,0,24,46,0.228,0.304,0.4,0.704,95,0.327,105,86,7,0,3,1,0,NA
333,Kyle Farmer,2024,33,MIN,AL,-0.3,107,242,215,26,46,13,1,5,25,3,5,19,49,0.214,0.293,0.353,0.647,82,0.281,80,76,6,6,0,2,1,NA
334,Wilmer Flores,2024,32,SFG,NL,-0.6,71,242,214,19,44,12,0,4,26,0,0,20,33,0.206,0.277,0.318,0.595,72,0.274,76,68,5,3,0,5,1,NA
335,Noelvi Marté,2024,22,CIN,NL,-1.8,66,242,229,24,48,9,0,4,18,9,3,9,75,0.21,0.248,0.301,0.549,49,0.244,40,69,1,3,0,1,0,NA
336,Tim Anderson,2024,31,MIA,NL,-1.5,65,241,234,16,50,3,0,0,9,4,4,7,68,0.214,0.237,0.226,0.463,27,0.204,15,53,6,0,0,0,0,NA
337,Dominic Fletcher,2024,26,CHW,AL,-0.3,72,241,223,14,46,8,0,1,17,0,0,11,58,0.206,0.252,0.256,0.508,47,0.225,38,57,5,3,2,1,1,NA
338,Anthony Rendon,2024,34,LAA,AL,0.6,57,238,206,21,45,10,0,0,14,6,1,23,35,0.218,0.307,0.267,0.574,66,0.283,75,55,4,5,0,4,0,NA
339,Miguel Vargas,2024,24,LAD,NL,0.3,30,80,71,11,17,4,0,3,9,1,0,8,16,0.239,0.313,0.423,0.735,108,0.319,104,30,1,0,0,1,0,NA
339,Miguel Vargas,2024,24,CHW,AL,-1,42,157,135,11,14,3,0,2,7,2,1,17,41,0.104,0.217,0.17,0.387,14,0.205,25,23,3,3,0,2,0,NA
340,Jose Trevino,2024,31,NYY,AL,0.6,73,234,209,26,45,5,0,8,28,1,0,20,41,0.215,0.288,0.354,0.642,81,0.287,80,74,12,2,1,2,0,NA
341,Stuart Fairchild,2024,28,CIN,NL,1,94,233,209,33,45,8,0,8,30,13,1,17,60,0.215,0.286,0.368,0.654,77,0.314,83,77,1,4,2,1,0,NA
342,James McCann,2024,34,BAL,AL,0.8,65,233,214,27,50,9,0,8,31,1,0,13,56,0.234,0.279,0.388,0.667,94,0.293,93,83,3,2,0,4,0,NA
343,Garrett Hampson,2024,29,KCR,AL,0.4,113,231,213,16,49,13,1,0,16,7,2,14,59,0.23,0.275,0.3,0.576,63,0.259,56,64,3,0,2,2,0,NA
344,Justyn-Henry Malloy,2024,24,DET,AL,-0.4,71,230,202,18,41,7,1,8,21,1,1,23,85,0.203,0.291,0.366,0.658,86,0.289,84,74,2,3,0,2,0,NA
345,Nelson Velázquez,2024,25,KCR,AL,-0.5,64,230,205,31,41,8,1,8,27,2,0,19,61,0.2,0.274,0.366,0.64,78,0.285,76,75,6,3,0,3,0,NA
346,DJ LeMahieu,2024,35,NYY,AL,-1.6,67,228,201,19,41,5,0,2,26,0,1,19,35,0.204,0.269,0.259,0.527,51,0.244,51,52,13,1,1,6,0,NA
347,Nick Ahmed,2024,34,SFG,NL,-0.1,52,172,155,13,36,6,1,1,15,1,1,10,35,0.232,0.278,0.303,0.581,68,0.263,69,47,6,1,3,3,0,NA
347,Nick Ahmed,2024,34,LAD,NL,-0.1,17,49,48,6,11,0,0,1,2,1,0,1,14,0.229,0.245,0.292,0.537,53,0.241,47,14,0,0,0,0,0,NA
347,Nick Ahmed,2024,34,SDP,NL,-0.2,2,7,7,1,1,0,0,0,0,0,0,0,2,0.143,0.143,0.143,0.286,-19,0.128,-38,1,0,0,0,0,0,NA
348,Addison Barger,2024,24,TOR,AL,0.4,69,225,208,20,41,11,0,7,28,2,0,14,60,0.197,0.25,0.351,0.601,70,0.272,70,73,1,1,0,1,0,NA
349,Hunter Goodman,2024,24,COL,NL,-0.8,70,224,211,24,40,9,0,13,36,1,1,8,64,0.19,0.228,0.417,0.645,70,0.27,59,88,5,3,0,2,0,NA
350,Garrett Mitchell,2024,25,MIL,NL,2,69,224,196,33,50,12,3,8,21,11,4,25,71,0.255,0.342,0.469,0.812,123,0.354,123,92,1,1,2,0,0,NA
351,Cavan Biggio,2024,29,TOR,AL,0.5,44,131,110,15,22,4,0,2,9,2,0,14,42,0.2,0.323,0.291,0.614,78,0.29,82,32,1,6,0,0,0,NA
351,Cavan Biggio,2024,29,LAD,NL,-0.2,30,88,73,11,14,1,0,3,10,0,0,10,28,0.192,0.306,0.329,0.635,82,0.287,83,24,0,2,2,0,0,NA
351,Cavan Biggio,2024,29,ATL,NL,-0.2,4,5,5,1,1,0,0,0,0,0,0,0,2,0.2,0.2,0.2,0.4,12,0.179,-2,1,0,0,0,0,0,NA
352,Enmanuel Valdéz,2024,25,BOS,AL,-0.6,76,223,201,23,43,12,0,6,28,1,1,17,53,0.214,0.27,0.363,0.633,74,0.277,70,73,4,0,1,4,0,NA
353,Ronald Acuña Jr.,2024,26,ATL,NL,0,49,222,192,38,48,8,1,4,15,16,3,27,53,0.25,0.351,0.365,0.716,101,0.343,110,70,4,3,0,0,0,NA
354,Daniel Schneemann,2024,27,CLE,AL,0.7,73,221,193,17,42,10,2,5,22,3,2,25,70,0.218,0.303,0.368,0.671,91,0.297,90,71,1,0,0,3,0,NA
355,Pedro Pagés,2024,25,STL,NL,0.8,68,218,202,19,48,3,2,7,27,2,0,13,58,0.238,0.281,0.376,0.657,82,0.287,76,76,7,0,1,2,0,NA
356,Romy González,2024,27,BOS,AL,0.9,89,216,199,25,53,10,1,6,29,11,3,12,58,0.266,0.306,0.417,0.723,99,0.326,100,83,5,1,0,4,0,NA
357,Tyler Soderstrom,2024,22,OAK,AL,0.5,61,213,189,18,44,10,0,9,26,0,0,20,53,0.233,0.315,0.429,0.743,114,0.33,118,81,7,3,0,1,1,NA
358,Austin Slater,2024,31,SFG,NL,-0.3,43,112,90,12,18,1,0,1,9,2,1,16,31,0.2,0.33,0.244,0.575,70,0.28,81,22,3,3,0,3,0,NA
358,Austin Slater,2024,31,CIN,NL,-0.4,8,21,18,2,2,0,0,0,3,0,0,2,6,0.111,0.19,0.111,0.302,-14,0.151,-26,2,0,0,0,1,0,NA
358,Austin Slater,2024,31,BAL,AL,0.5,33,79,69,10,17,3,0,1,6,1,1,8,23,0.246,0.342,0.333,0.675,100,0.311,109,23,2,2,0,0,0,NA
359,Trey Lipscomb,2024,24,WSN,NL,-0.1,61,211,190,20,38,3,0,1,10,11,2,16,40,0.2,0.268,0.232,0.5,45,0.248,48,44,7,2,1,1,0,NA
360,Leo Jiménez,2024,23,TOR,AL,0.9,63,210,179,18,41,11,0,4,19,0,0,12,59,0.229,0.329,0.358,0.686,97,0.31,99,64,6,16,0,3,0,NA
361,Trent Grisham,2024,27,NYY,AL,0.4,76,209,179,21,34,8,0,9,31,1,1,22,57,0.19,0.29,0.385,0.675,90,0.306,95,69,5,4,1,2,1,NA
362,Kyle Stowers,2024,26,BAL,AL,0.2,19,37,36,3,11,4,0,1,9,0,1,0,13,0.306,0.297,0.5,0.797,129,0.346,141,18,0,0,0,1,0,NA
362,Kyle Stowers,2024,26,MIA,NL,-0.7,50,172,156,12,29,7,2,2,15,0,0,13,61,0.186,0.262,0.295,0.556,52,0.254,48,46,2,3,0,0,0,NA
363,Jackson Holliday,2024,20,BAL,AL,0.1,60,208,190,28,36,4,2,5,23,4,0,15,69,0.189,0.255,0.311,0.565,66,0.265,70,59,1,2,0,1,0,NA
364,Jorge Mateo,2024,29,BAL,AL,0.9,68,208,192,30,44,14,2,5,18,13,2,10,48,0.229,0.267,0.401,0.668,93,0.294,87,77,3,1,2,3,0,NA
365,Travis Jankowski,2024,33,TEX,AL,0.3,104,207,190,19,38,5,0,1,12,11,1,12,44,0.2,0.266,0.242,0.508,48,0.256,54,46,3,5,0,0,0,NA
366,Jhonkensy Noel,2024,22,CLE,AL,1,67,198,179,25,39,7,1,13,28,0,0,13,63,0.218,0.288,0.486,0.774,115,0.333,114,87,1,5,0,1,0,NA
367,Edward Olivares,2024,28,PIT,NL,-0.7,55,196,174,22,39,4,0,5,23,1,0,16,37,0.224,0.291,0.333,0.624,74,0.285,75,58,3,2,0,4,0,NA
368,DJ Stewart,2024,30,NYM,NL,-0.8,74,194,158,16,28,4,0,5,19,1,0,31,48,0.177,0.325,0.297,0.622,81,0.296,89,47,5,4,0,1,0,NA
369,Connor Norby,2024,24,BAL,AL,0.1,9,32,32,3,6,1,0,2,3,0,0,0,12,0.188,0.188,0.406,0.594,68,0.247,60,13,1,0,0,0,0,NA
369,Connor Norby,2024,24,MIA,NL,0.2,36,162,146,29,36,8,0,7,17,3,3,15,52,0.247,0.315,0.445,0.76,104,0.321,100,65,1,0,0,1,0,NA
370,Corey Julks,2024,28,CHW,AL,-1.1,66,189,173,17,37,7,0,3,14,5,2,15,50,0.214,0.275,0.306,0.581,67,0.261,64,53,6,0,0,1,0,NA
371,Dominic Canzone,2024,26,SEA,AL,0.2,67,188,168,20,33,7,0,8,17,1,0,18,53,0.196,0.271,0.381,0.652,91,0.29,92,64,5,0,0,2,2,NA
372,Josh Jung,2024,26,TEX,AL,0.6,46,188,178,19,47,5,1,7,16,4,0,8,48,0.264,0.298,0.421,0.719,104,0.319,103,75,1,1,0,1,0,NA
373,Garrett Stubbs,2024,31,PHI,NL,0.4,54,187,164,18,34,4,1,1,11,5,0,17,50,0.207,0.296,0.262,0.558,59,0.271,63,43,0,4,0,1,0,NA
374,Luis Guillorme,2024,29,ATL,NL,-0.2,9,21,20,2,3,2,0,0,3,0,0,1,5,0.15,0.19,0.25,0.44,22,0.189,6,5,1,0,0,0,0,NA
374,Luis Guillorme,2024,29,LAA,AL,0.1,50,117,104,6,24,5,1,0,3,1,2,11,23,0.231,0.302,0.298,0.6,72,0.272,74,31,4,0,1,1,0,NA
374,Luis Guillorme,2024,29,ARI,NL,0.3,18,49,37,6,6,2,0,0,4,3,0,11,8,0.162,0.347,0.216,0.563,63,0.292,70,8,2,0,0,1,0,NA
375,Daz Cameron,2024,27,OAK,AL,-0.5,66,186,170,22,34,5,1,5,15,5,0,13,51,0.2,0.258,0.329,0.587,70,0.268,69,56,3,1,0,2,0,NA
376,Matt Thaiss,2024,29,LAA,AL,0.6,57,186,157,14,32,9,0,2,16,3,0,28,58,0.204,0.323,0.299,0.622,79,0.295,83,47,2,0,0,1,0,NA
377,Blaze Alexander,2024,25,ARI,NL,0,61,185,166,19,41,7,0,3,21,3,1,15,49,0.247,0.321,0.343,0.664,86,0.301,87,57,1,3,1,0,0,NA
378,Brooks Lee,2024,23,MIN,AL,-0.2,50,185,172,9,38,6,1,3,27,3,0,11,27,0.221,0.265,0.32,0.585,64,0.256,53,55,6,0,0,2,2,NA
379,Jordan Beck,2024,23,COL,NL,-0.8,55,184,170,14,32,6,0,3,13,7,1,12,65,0.188,0.245,0.276,0.521,41,0.246,36,47,3,1,0,1,1,NA
380,Cristian Pache,2024,25,PHI,NL,0.1,50,118,104,9,21,5,1,0,9,0,0,13,43,0.202,0.288,0.269,0.557,59,0.255,56,28,1,0,0,1,0,NA
380,Cristian Pache,2024,25,BAL,AL,0.1,3,1,1,0,1,0,0,0,0,0,0,0,0,1,1,1,2,493,0.795,464,1,0,0,0,0,0,NA
380,Cristian Pache,2024,25,MIA,NL,-0.4,35,64,60,4,11,3,0,1,7,1,0,4,21,0.183,0.234,0.283,0.518,40,0.235,31,17,1,0,0,0,0,NA
381,Alex Kirilloff,2024,26,MIN,AL,-0.6,57,178,159,20,32,8,3,5,20,0,0,15,47,0.201,0.27,0.384,0.653,81,0.287,79,61,5,1,0,3,0,NA
382,Ben Rice,2024,25,NYY,AL,-0.4,50,178,152,20,26,6,0,7,23,0,1,20,48,0.171,0.264,0.349,0.613,72,0.275,74,53,2,1,0,5,0,NA
383,Jordan Walker,2024,22,STL,NL,-0.9,51,178,164,16,33,10,1,5,20,1,0,10,50,0.201,0.253,0.366,0.619,71,0.267,63,60,4,2,0,2,0,NA
384,Junior Caminero,2024,20,TBR,AL,0.7,43,177,165,15,41,9,1,6,18,2,0,11,38,0.248,0.299,0.424,0.724,105,0.315,102,70,2,1,0,0,2,NA
385,Patrick Wisdom,2024,32,CHC,NL,-0.4,75,174,158,16,27,7,2,8,23,5,0,10,59,0.171,0.237,0.392,0.629,75,0.276,68,62,1,4,1,1,0,NA
386,Derek Hill,2024,28,TEX,AL,0,16,45,43,5,11,0,0,3,5,2,1,2,14,0.256,0.289,0.465,0.754,112,0.365,140,20,1,0,0,0,0,NA
386,Derek Hill,2024,28,SFG,NL,-0.1,5,13,12,3,3,0,1,0,2,0,0,1,3,0.25,0.308,0.417,0.724,107,0.304,98,5,0,0,0,0,0,NA
386,Derek Hill,2024,28,MIA,NL,0.1,32,114,107,11,25,4,1,4,18,4,1,2,39,0.234,0.259,0.402,0.661,76,0.299,77,43,1,2,2,1,0,NA
387,Brett Baty,2024,24,NYM,NL,0.3,50,171,153,15,35,3,0,4,16,0,0,16,42,0.229,0.306,0.327,0.633,82,0.287,83,50,3,1,1,0,1,NA
388,Nick Loftin,2024,25,KCR,AL,0.2,56,171,148,15,28,4,0,1,14,1,0,19,24,0.189,0.282,0.236,0.519,49,0.258,56,35,4,1,1,2,0,NA
389,Ángel Martínez,2024,22,CLE,AL,0.1,43,169,151,16,35,7,0,3,11,3,1,15,33,0.232,0.298,0.338,0.635,81,0.286,80,51,2,0,1,2,0,NA
390,José Tena,2024,23,CLE,AL,-0.1,3,4,4,0,0,0,0,0,0,0,0,0,2,0,0,0,0,-100,0,-124,0,0,0,0,0,0,NA
390,José Tena,2024,23,WSN,NL,0.3,41,164,157,14,43,5,0,3,15,6,1,7,39,0.274,0.305,0.363,0.668,90,0.297,86,57,1,0,0,0,0,NA
391,Nick Martini,2024,34,CIN,NL,-0.4,52,163,146,23,31,4,2,5,24,1,3,9,38,0.212,0.272,0.37,0.641,73,0.293,82,54,1,4,0,3,0,NA
392,Evan Carter,2024,21,TEX,AL,0.6,45,162,144,23,27,6,2,5,15,2,0,15,43,0.188,0.272,0.361,0.633,80,0.284,79,52,1,2,0,1,0,NA
393,Gabriel Arias,2024,24,CLE,AL,-0.4,53,161,153,15,34,9,1,3,15,5,2,6,53,0.222,0.255,0.353,0.608,71,0.273,71,54,4,1,0,1,0,NA
394,Sam Hilliard,2024,30,COL,NL,0.5,58,158,138,26,33,5,1,10,27,5,2,14,56,0.239,0.305,0.507,0.812,115,0.347,113,70,3,0,4,2,1,NA
395,Jung Hoo Lee,2024,25,SFG,NL,0.1,37,158,145,15,38,4,0,2,8,2,3,10,13,0.262,0.31,0.331,0.641,86,0.287,91,48,2,1,0,2,0,NA
396,Reese McGuire,2024,29,BOS,AL,0.1,53,158,139,10,29,3,0,3,18,3,0,13,39,0.209,0.28,0.295,0.575,61,0.269,60,41,4,2,1,3,0,NA
397,Pavin Smith,2024,28,ARI,NL,0.6,60,158,137,26,37,11,0,9,36,1,0,18,31,0.27,0.348,0.547,0.896,145,0.382,145,75,4,0,0,3,0,NA
398,Matt Carpenter,2024,38,STL,NL,-0.1,59,157,137,15,32,7,0,4,15,0,2,15,51,0.234,0.314,0.372,0.686,92,0.301,93,51,0,2,0,2,0,NA
399,Kyle McCann,2024,26,OAK,AL,0.2,54,157,140,13,33,4,0,5,15,0,0,16,59,0.236,0.318,0.371,0.69,101,0.305,100,52,2,1,0,0,1,NA
400,J.D. Davis,2024,31,OAK,AL,-0.1,39,135,123,12,29,4,0,4,5,0,0,9,30,0.236,0.304,0.366,0.67,94,0.292,91,45,3,3,0,0,0,NA
400,J.D. Davis,2024,31,NYY,AL,-0.2,7,22,19,1,2,1,0,0,1,0,0,3,9,0.105,0.227,0.158,0.385,13,0.191,12,3,2,0,0,0,0,NA
401,Austin Barnes,2024,34,LAD,NL,0.7,54,156,140,12,37,3,0,1,11,3,0,14,36,0.264,0.331,0.307,0.638,85,0.294,85,43,3,0,2,0,0,NA
402,Kyle Manzardo,2024,23,CLE,AL,0,53,156,145,11,34,12,0,5,15,0,0,9,41,0.234,0.282,0.421,0.703,97,0.307,96,61,3,1,0,1,0,NA
403,Luis Matos,2024,22,SFG,NL,-0.2,45,156,150,14,32,5,0,5,25,0,0,5,24,0.213,0.237,0.347,0.584,66,0.269,73,52,5,0,0,1,1,NA
404,James Outman,2024,27,LAD,NL,-0.4,53,156,136,12,20,4,0,4,11,2,1,16,55,0.147,0.256,0.265,0.521,50,0.24,50,36,0,4,0,0,0,NA
405,Tyler Wade,2024,29,SDP,NL,-0.7,90,156,138,28,30,3,0,0,8,8,1,11,29,0.217,0.285,0.239,0.524,50,0.25,43,33,0,2,4,0,0,NA
406,Kris Bryant,2024,32,COL,NL,-0.7,37,155,133,9,29,5,0,2,15,0,0,13,48,0.218,0.323,0.301,0.623,71,0.292,74,40,6,8,0,1,0,NA
407,Alex Jackson,2024,28,TBR,AL,-0.4,58,155,139,17,17,7,0,3,12,1,0,12,53,0.122,0.201,0.237,0.439,26,0.213,29,33,2,2,1,1,0,NA
408,Victor Scott II,2024,23,STL,NL,-0.5,53,155,145,14,26,9,0,2,10,5,1,6,42,0.179,0.219,0.283,0.502,40,0.235,38,41,0,2,0,2,0,NA
409,Luke Maile,2024,33,CIN,NL,-0.4,53,154,135,8,24,4,0,2,8,2,0,13,52,0.178,0.268,0.252,0.52,44,0.25,43,34,4,4,1,1,0,NA
410,Tommy Edman,2024,29,LAD,NL,0.9,37,153,139,20,33,5,1,6,20,6,0,11,30,0.237,0.294,0.417,0.711,101,0.321,101,58,2,1,0,2,0,NA
411,Martín Maldonado,2024,37,CHW,AL,-1.3,48,147,135,9,16,3,0,4,11,0,0,8,51,0.119,0.174,0.23,0.403,15,0.18,5,31,5,1,3,0,0,NA
412,Christian Bethancourt,2024,32,MIA,NL,-0.5,38,88,82,9,13,3,0,2,7,0,0,3,22,0.159,0.198,0.268,0.466,25,0.205,10,22,1,1,2,0,0,NA
412,Christian Bethancourt,2024,32,CHC,NL,0.8,24,59,57,9,16,4,0,3,15,3,0,2,14,0.281,0.305,0.509,0.814,126,0.385,143,29,1,0,0,0,0,NA
413,Austin Hedges,2024,31,CLE,AL,-0.6,66,146,132,12,20,3,0,2,15,2,0,6,50,0.152,0.203,0.22,0.422,21,0.199,14,29,2,3,3,2,0,NA
414,Jonathan Aranda,2024,26,TBR,AL,0.7,44,143,128,22,30,7,0,6,14,0,0,12,32,0.234,0.308,0.43,0.737,109,0.325,111,55,2,2,0,1,0,NA
415,Andruw Monasterio,2024,27,MIL,NL,-0.2,59,142,125,14,26,5,0,1,16,6,2,16,40,0.208,0.303,0.272,0.575,62,0.267,60,34,3,1,0,0,0,NA
416,Danny Mendick,2024,30,CHW,AL,-0.3,47,141,132,13,26,7,0,3,8,6,0,6,35,0.197,0.243,0.318,0.561,60,0.255,53,42,3,2,1,0,0,NA
417,Tomás Nido,2024,30,NYM,NL,0.1,32,90,83,9,19,2,0,3,8,0,0,4,20,0.229,0.261,0.361,0.623,76,0.278,76,30,0,0,2,1,0,NA
417,Tomás Nido,2024,30,CHC,NL,-0.5,17,50,47,5,6,2,0,1,4,0,0,1,15,0.128,0.143,0.234,0.377,5,0.159,-14,11,1,0,1,1,0,NA
418,Darell Hernaiz,2024,22,OAK,AL,-0.8,48,135,120,8,23,3,0,1,12,1,1,11,27,0.192,0.261,0.242,0.503,48,0.235,51,29,4,1,1,2,0,NA
419,Dairon Blanco,2024,31,KCR,AL,0.1,88,132,120,37,31,4,0,4,13,31,7,8,32,0.258,0.308,0.392,0.699,96,0.327,85,47,2,1,1,1,0,NA
420,Andrés Chaparro,2024,25,WSN,NL,-0.1,33,132,121,12,26,12,0,4,15,1,1,7,24,0.215,0.28,0.413,0.694,95,0.305,97,50,3,4,0,0,0,NA
421,Dylan Crews,2024,22,WSN,NL,0.6,31,132,119,12,26,5,1,3,8,12,3,11,26,0.218,0.288,0.353,0.641,82,0.296,82,42,4,1,0,1,0,NA
422,Curtis Mead,2024,23,TBR,AL,-0.5,38,132,122,10,29,3,0,1,7,2,0,6,30,0.238,0.282,0.287,0.569,65,0.259,61,35,2,2,0,1,0,NA
423,Riley Adams,2024,28,WSN,NL,0.2,41,130,116,10,26,5,1,2,8,1,0,10,35,0.224,0.292,0.336,0.629,79,0.292,84,39,4,2,0,2,1,NA
424,Grant McCray,2024,23,SFG,NL,0,37,130,124,13,25,3,2,5,10,5,0,6,56,0.202,0.238,0.379,0.617,75,0.285,78,47,3,0,0,0,0,NA
425,Luis Torrens,2024,28,NYM,NL,0.7,47,130,118,14,27,8,0,3,15,0,1,9,28,0.229,0.292,0.373,0.665,89,0.287,86,44,5,2,0,1,0,NA
426,Mike Trout,2024,32,LAA,AL,1.1,29,126,109,17,24,1,2,10,14,6,1,16,27,0.22,0.325,0.541,0.867,140,0.372,136,59,0,1,0,0,1,NA
427,Curt Casali,2024,35,SFG,NL,0.3,41,125,108,12,21,3,0,1,8,0,0,13,22,0.194,0.293,0.25,0.543,60,0.27,73,27,3,2,2,0,0,NA
428,Michael Stefanic,2024,28,LAA,AL,-0.2,40,124,110,8,24,4,0,0,8,0,0,10,20,0.218,0.301,0.255,0.555,61,0.256,58,28,5,3,1,0,0,NA
429,Christian Encarnacion-Strand,2024,24,CIN,NL,-1,29,123,116,13,22,6,0,2,16,0,0,4,35,0.19,0.22,0.293,0.513,39,0.222,25,34,4,1,0,2,0,NA
430,Brett Harris,2024,26,OAK,AL,-0.5,36,123,103,15,15,3,0,3,12,0,3,17,25,0.146,0.276,0.262,0.539,59,0.253,71,27,3,2,0,1,0,NA
431,Henry Davis,2024,24,PIT,NL,-0.6,37,122,104,9,15,4,0,1,5,0,0,13,45,0.144,0.242,0.212,0.453,28,0.226,32,22,1,1,1,2,0,NA
432,Brooks Baldwin,2024,23,CHW,AL,0,33,121,114,9,24,6,0,2,8,4,0,6,31,0.211,0.25,0.316,0.566,62,0.263,60,36,1,0,1,0,0,NA
433,José Abreu,2024,37,HOU,AL,-1.7,35,120,113,10,14,2,0,2,7,0,0,4,28,0.124,0.167,0.195,0.361,4,0.163,-5,22,4,2,0,1,0,NA
434,Kody Clemens,2024,28,PHI,NL,0.3,43,120,114,17,25,9,1,5,18,0,0,5,29,0.219,0.258,0.447,0.706,94,0.3,88,51,2,1,0,0,0,NA
435,Jerar Encarnación,2024,26,SFG,NL,0.1,35,119,113,13,28,5,0,5,19,1,0,5,34,0.248,0.277,0.425,0.702,99,0.301,94,48,0,0,0,1,0,NA
436,Trey Sweeney,2024,24,DET,AL,0.7,36,119,110,11,24,5,0,4,17,2,0,7,32,0.218,0.269,0.373,0.642,81,0.29,81,41,3,1,0,1,0,NA
437,Garrett Cooper,2024,33,CHC,NL,0.1,12,41,37,3,10,1,1,1,6,0,0,4,13,0.27,0.341,0.432,0.774,118,0.336,116,16,1,0,0,0,0,NA
437,Garrett Cooper,2024,33,BOS,AL,-0.9,24,75,70,3,12,4,0,0,5,0,0,3,22,0.171,0.227,0.229,0.455,28,0.207,19,16,2,2,0,0,0,NA
438,Vaughn Grissom,2024,23,BOS,AL,-0.2,31,114,105,10,20,3,0,0,6,2,0,7,24,0.19,0.246,0.219,0.465,31,0.234,35,23,3,1,0,1,0,NA
439,José Herrera,2024,27,ARI,NL,-0.2,42,114,97,11,22,4,1,1,13,0,0,9,27,0.227,0.29,0.32,0.609,70,0.272,64,31,1,0,7,1,0,NA
440,Heston Kjerstad,2024,25,BAL,AL,0.4,39,114,99,8,25,2,0,4,14,1,0,10,33,0.253,0.351,0.394,0.745,119,0.336,123,39,0,5,0,0,2,NA
441,Alex Call,2024,29,WSN,NL,1.5,30,113,99,15,34,9,0,3,14,5,1,12,19,0.343,0.425,0.525,0.95,169,0.429,181,52,2,2,0,0,0,NA
442,Casey Schmitt,2024,25,SFG,NL,0.2,40,113,107,11,27,4,1,6,16,0,0,4,25,0.252,0.283,0.477,0.76,114,0.321,110,51,2,1,0,1,0,NA
443,Estevan Florial,2024,26,CLE,AL,0.1,36,111,98,11,17,6,2,3,11,2,1,11,41,0.173,0.264,0.367,0.631,78,0.275,73,36,2,1,1,0,0,NA
444,Ryan Noda,2024,28,OAK,AL,-0.6,36,111,95,8,13,4,0,1,4,0,0,14,37,0.137,0.255,0.211,0.465,38,0.222,40,20,0,1,1,0,0,NA
445,Luis Urías,2024,27,SEA,AL,0.4,41,109,94,11,18,7,0,4,16,0,0,9,34,0.191,0.303,0.394,0.696,105,0.307,106,37,2,6,0,0,0,NA
446,Sean Bouchard,2024,28,COL,NL,-0.6,31,108,91,14,17,7,0,1,8,4,0,12,33,0.187,0.29,0.297,0.586,60,0.299,73,27,0,2,1,2,0,NA
447,Dane Myers,2024,28,MIA,NL,0.5,44,108,95,17,25,6,1,3,19,4,1,8,36,0.263,0.333,0.442,0.775,109,0.346,111,42,0,3,0,2,0,NA
448,Bryan Ramos,2024,22,CHW,AL,-0.2,32,108,99,13,20,4,0,3,11,0,2,7,22,0.202,0.252,0.333,0.586,67,0.273,80,33,3,0,0,1,0,NA
449,Niko Kavadas,2024,25,LAA,AL,-0.2,30,106,93,11,17,2,0,4,8,1,0,11,41,0.183,0.283,0.333,0.616,75,0.28,74,31,0,2,0,0,0,NA
450,Miles Mastrobuoni,2024,28,CHC,NL,-0.2,50,106,98,9,19,3,0,0,4,2,0,7,17,0.194,0.245,0.224,0.47,35,0.22,29,22,1,0,0,1,0,NA
451,Trevor Story,2024,31,BOS,AL,0.7,26,106,94,8,24,7,0,2,10,6,3,11,33,0.255,0.34,0.394,0.733,104,0.325,104,37,2,1,0,0,2,NA
452,Nick Allen,2024,25,OAK,AL,0.2,41,105,97,6,17,4,0,1,4,0,0,5,20,0.175,0.216,0.247,0.463,35,0.215,33,24,0,0,3,0,0,NA
453,Oliver Dunn,2024,26,MIL,NL,0.2,41,104,95,11,21,2,2,1,7,3,0,6,40,0.221,0.282,0.316,0.597,66,0.269,58,30,1,2,1,0,0,NA
454,Alek Thomas,2024,24,ARI,NL,0,39,103,95,13,18,5,1,3,17,4,1,7,17,0.189,0.245,0.358,0.603,66,0.283,71,34,7,0,1,0,0,NA
455,Jacob Wilson,2024,22,OAK,AL,-0.2,28,103,92,11,23,2,2,0,3,0,0,8,10,0.25,0.314,0.315,0.629,85,0.281,82,29,4,1,1,1,0,NA
456,Ben Gamel,2024,32,NYM,NL,0,18,30,23,9,5,1,0,0,0,1,0,7,7,0.217,0.4,0.261,0.661,96,0.36,130,6,0,0,0,0,0,NA
456,Ben Gamel,2024,32,HOU,AL,0.2,20,69,58,13,15,3,0,1,4,0,0,11,17,0.259,0.377,0.362,0.739,115,0.328,113,21,0,0,0,0,1,NA
457,Aaron Schunk,2024,26,COL,NL,0.2,39,98,94,14,22,3,0,2,7,0,1,4,31,0.234,0.265,0.33,0.595,60,0.26,55,31,0,0,0,0,1,NA
458,Weston Wilson,2024,29,PHI,NL,0.7,40,98,88,13,25,7,1,3,10,3,0,8,29,0.284,0.347,0.489,0.836,132,0.372,135,43,2,1,0,1,0,NA
459,Tucker Barnhart,2024,33,ARI,NL,0.3,31,96,81,13,14,3,0,0,6,1,0,13,31,0.173,0.287,0.21,0.497,42,0.252,49,17,0,0,2,0,0,NA
460,Yan Gomes,2024,36,CHC,NL,-0.7,34,96,91,7,14,2,0,2,7,0,0,2,36,0.154,0.179,0.242,0.421,18,0.192,12,22,2,1,1,1,0,NA
461,Alí Sánchez,2024,27,MIA,NL,-0.6,31,96,84,5,14,2,0,0,4,2,1,4,24,0.167,0.211,0.19,0.402,11,0.194,-1,16,2,1,6,1,0,NA
462,Alika Williams,2024,25,PIT,NL,-0.2,37,96,87,13,18,4,2,0,5,1,0,3,22,0.207,0.242,0.299,0.541,50,0.249,45,26,0,1,5,0,0,NA
463,Miguel Sanó,2024,31,LAA,AL,-0.1,28,95,83,9,17,3,0,2,6,0,0,9,36,0.205,0.295,0.313,0.608,73,0.272,70,26,2,2,0,1,0,NA
464,Jace Jung,2024,23,DET,AL,-0.5,34,94,79,14,19,5,0,0,3,0,1,15,29,0.241,0.362,0.304,0.665,93,0.304,97,24,3,0,0,0,0,NA
465,Nick Madrigal,2024,27,CHC,NL,-0.4,51,94,86,5,19,3,0,0,10,1,0,4,10,0.221,0.28,0.256,0.535,54,0.246,50,22,2,3,1,0,0,NA
466,Bobby Dalbec,2024,29,BOS,AL,-0.8,37,93,83,6,11,2,0,1,8,3,0,8,43,0.133,0.217,0.193,0.41,16,0.196,4,16,1,1,1,0,0,NA
467,Andrew Knizner,2024,29,TEX,AL,-0.9,35,93,90,5,15,1,0,1,9,0,0,1,22,0.167,0.183,0.211,0.394,13,0.183,9,19,2,1,0,1,0,NA
468,Trey Cabbage,2024,27,HOU,AL,-0.1,45,91,86,12,18,8,0,1,8,1,1,4,34,0.209,0.253,0.337,0.59,68,0.255,63,29,1,1,0,0,0,NA
469,Nathan Lukes,2024,29,TOR,AL,1.2,22,91,76,13,23,4,2,1,10,1,0,10,9,0.303,0.371,0.447,0.818,133,0.355,130,34,1,0,2,3,0,NA
470,Griffin Conine,2024,26,MIA,NL,0.7,30,89,82,14,22,4,1,3,12,0,0,6,28,0.268,0.326,0.451,0.777,109,0.332,104,37,1,1,0,0,0,NA
471,Zack Short,2024,29,NYM,NL,-0.1,10,12,9,2,1,0,0,0,0,0,1,2,4,0.111,0.273,0.111,0.384,16,0.162,20,1,0,0,1,0,0,NA
471,Zack Short,2024,29,BOS,AL,-0.2,2,7,7,0,0,0,0,0,0,0,0,0,4,0,0,0,0,-100,0,-130,0,0,0,0,0,0,NA
471,Zack Short,2024,29,ATL,NL,0.2,30,69,54,9,8,3,0,0,5,2,0,12,16,0.148,0.313,0.204,0.517,49,0.276,63,11,0,1,2,0,0,NA
472,Adrian Del Castillo,2024,24,ARI,NL,0.5,25,87,80,12,25,5,0,4,19,1,1,7,28,0.313,0.368,0.525,0.893,146,0.379,146,42,1,0,0,0,0,NA
473,Dillon Dingler,2024,25,DET,AL,-0.3,27,87,84,2,14,5,2,1,11,0,0,3,30,0.167,0.195,0.31,0.505,41,0.217,31,26,2,0,0,0,0,NA
474,Leo Rivas,2024,26,SEA,AL,0.3,43,86,73,10,17,1,1,0,8,3,0,10,24,0.233,0.333,0.274,0.607,84,0.29,87,20,1,1,2,0,0,NA
475,Nick Sogard,2024,26,BOS,AL,0.3,31,86,77,13,21,4,0,0,8,3,0,7,25,0.273,0.326,0.325,0.65,82,0.299,79,25,4,0,0,2,0,NA
476,Will Wagner,2024,25,TOR,AL,0.7,24,86,82,8,25,6,0,2,11,0,0,4,16,0.305,0.337,0.451,0.788,124,0.354,130,37,3,0,0,0,0,NA
477,Akil Baddoo,2024,25,DET,AL,-0.5,31,82,73,7,10,2,2,2,5,1,0,8,27,0.137,0.22,0.301,0.521,47,0.23,39,22,0,0,0,1,0,NA
478,Ji Hwan Bae,2024,24,PIT,NL,-0.4,29,81,74,11,14,2,0,0,6,6,2,6,24,0.189,0.247,0.216,0.463,31,0.228,31,16,0,0,0,1,0,NA
479,Marco Luciano,2024,22,SFG,NL,-0.4,27,81,76,10,16,5,1,0,3,0,1,5,28,0.211,0.259,0.303,0.562,62,0.275,82,23,1,0,0,0,0,NA
480,Brandon Crawford,2024,37,STL,NL,-0.2,28,80,71,5,12,5,0,1,4,0,0,8,26,0.169,0.263,0.282,0.544,53,0.247,49,20,0,1,0,0,0,NA
481,José Azocar,2024,28,SDP,NL,-0.4,61,79,73,13,16,2,0,0,2,5,1,5,19,0.219,0.269,0.247,0.516,46,0.265,56,18,1,0,1,0,0,NA
482,José Fermín,2024,25,STL,NL,-0.6,45,79,71,7,11,1,1,0,4,2,1,7,11,0.155,0.241,0.197,0.438,25,0.205,19,14,3,1,0,0,0,NA
483,Daniel Vogelbach,2024,31,TOR,AL,-0.4,31,79,70,5,13,5,0,1,8,0,0,9,17,0.186,0.278,0.3,0.578,66,0.262,65,21,4,0,0,0,0,NA
484,Nasim Nuñez,2024,23,WSN,NL,0.7,51,78,61,14,15,1,0,0,1,8,2,12,15,0.246,0.37,0.262,0.632,85,0.331,106,16,1,0,5,0,0,NA
485,Joshua Palacios,2024,28,PIT,NL,-0.1,23,78,67,10,15,2,0,2,9,1,0,10,12,0.224,0.333,0.343,0.677,90,0.308,90,23,1,1,0,0,0,NA
486,Chuckie Robinson,2024,29,CHW,AL,-0.5,26,76,70,2,9,0,0,0,0,0,0,5,20,0.129,0.197,0.129,0.326,-3,0.171,0,9,1,1,0,0,0,NA
487,Zach DeLoach,2024,25,CHW,AL,-0.1,22,75,67,10,14,5,0,1,5,0,1,8,21,0.209,0.293,0.328,0.622,79,0.28,84,22,0,0,0,0,0,NA
488,Bligh Madris,2024,28,DET,AL,0.2,21,75,67,8,18,3,0,1,5,0,0,6,20,0.269,0.324,0.358,0.683,95,0.298,89,24,0,0,0,1,0,NA
489,Jon Berti,2024,34,NYY,AL,0.6,25,74,66,10,18,0,0,1,6,5,1,6,14,0.273,0.342,0.318,0.661,90,0.334,108,21,2,1,1,0,0,NA
490,Eric Wagaman,2024,26,LAA,AL,0.4,18,74,72,6,18,5,0,2,10,0,0,2,17,0.25,0.27,0.403,0.673,88,0.291,83,29,1,0,0,0,0,NA
491,Bryce Johnson,2024,28,SDP,NL,-0.3,47,73,63,9,13,2,0,0,4,1,1,7,12,0.206,0.286,0.238,0.524,50,0.237,43,15,1,0,3,0,0,NA
492,Jacob Amaya,2024,25,HOU,AL,0,1,1,1,0,0,0,0,0,0,0,0,0,0,0,0,0,0,-100,0,-127,0,0,0,0,0,0,NA
492,Jacob Amaya,2024,25,CHW,AL,0,23,71,67,4,12,1,0,0,3,1,0,4,28,0.179,0.225,0.194,0.419,23,0.194,15,13,3,0,0,0,0,NA
493,Ryan Bliss,2024,24,SEA,AL,0.4,33,71,63,10,14,3,1,2,9,5,3,5,22,0.222,0.29,0.397,0.687,102,0.292,98,25,1,1,2,0,0,NA
494,Jack López,2024,31,LAA,AL,0,27,71,67,4,17,3,0,1,6,0,1,2,25,0.254,0.286,0.343,0.629,78,0.289,87,23,2,1,1,0,0,NA
495,Brian Serven,2024,29,TOR,AL,0.2,28,71,63,6,10,4,0,0,3,0,0,5,22,0.159,0.243,0.222,0.465,35,0.229,40,14,0,2,1,0,0,NA
496,Eric Haase,2024,31,MIL,NL,0.4,30,69,66,10,18,1,0,5,14,0,0,3,28,0.273,0.304,0.515,0.819,122,0.359,128,34,0,0,0,0,0,NA
497,Omar Narváez,2024,32,NYM,NL,-0.9,28,69,65,4,10,2,0,0,5,0,0,3,12,0.154,0.191,0.185,0.376,9,0.172,-1,12,2,0,1,0,0,NA
498,Jacob Hurtubise,2024,26,CIN,NL,-0.1,29,68,54,7,10,1,1,0,4,2,0,6,18,0.185,0.297,0.241,0.538,50,0.275,55,13,0,3,4,1,0,NA
499,Jasson Domínguez,2024,21,NYY,AL,-0.1,18,67,56,8,10,1,0,2,4,5,0,11,19,0.179,0.313,0.304,0.617,77,0.315,88,17,0,0,0,0,0,NA
500,Braden Shewmake,2024,26,CHW,AL,-0.6,29,67,64,4,8,2,0,1,4,5,1,1,10,0.125,0.134,0.203,0.337,-5,0.154,-19,13,0,0,0,2,0,NA
501,Alan Trejo,2024,28,COL,NL,-0.8,28,67,63,4,9,0,0,0,1,0,0,2,15,0.143,0.182,0.143,0.325,-10,0.154,-27,9,2,1,1,0,0,NA
502,Jonatan Clase,2024,22,SEA,AL,-0.2,19,43,41,4,8,1,0,0,3,3,0,2,14,0.195,0.233,0.22,0.452,36,0.221,32,9,1,0,0,0,0,NA
502,Jonatan Clase,2024,22,TOR,AL,0.2,7,23,20,3,7,1,0,1,2,0,1,1,3,0.35,0.435,0.55,0.985,180,0.443,210,11,0,2,0,0,0,NA
503,Zach Dezenzo,2024,24,HOU,AL,-0.2,19,65,62,5,15,2,0,2,8,0,0,3,22,0.242,0.277,0.371,0.648,84,0.307,98,23,3,0,0,0,0,NA
504,Yuli Gurriel,2024,40,KCR,AL,0.1,18,65,54,7,13,3,0,0,6,1,0,9,15,0.241,0.338,0.296,0.635,82,0.289,78,16,1,0,0,2,0,NA
505,Ryan Kreidler,2024,26,DET,AL,-0.5,35,65,59,9,7,0,0,1,2,5,3,6,19,0.119,0.2,0.169,0.369,7,0.17,1,10,2,0,0,0,0,NA
506,Esteury Ruiz,2024,25,OAK,AL,-0.1,29,65,55,10,11,2,1,2,8,5,4,4,20,0.2,0.27,0.382,0.652,87,0.266,80,21,1,2,2,2,0,NA
507,Pablo Reyes,2024,30,BOS,AL,-0.7,21,64,60,4,11,2,0,0,5,1,2,3,19,0.183,0.234,0.217,0.451,27,0.196,20,13,1,1,0,0,0,NA
507,Pablo Reyes,2024,30,NYM,NL,0,1,0,0,1,0,0,0,0,0,0,0,0,0,NA,NA,NA,NA,NA,NA,NA,0,0,0,0,0,0,NA
508,Aaron Hicks,2024,34,LAA,AL,-0.7,18,63,57,6,8,0,0,1,5,0,0,6,23,0.14,0.222,0.193,0.415,20,0.196,15,11,1,0,0,0,0,NA
509,David Dahl,2024,30,PHI,NL,0.3,19,62,58,6,12,2,0,3,8,0,0,3,21,0.207,0.242,0.397,0.638,76,0.287,79,23,0,0,0,1,0,NA
510,Mike Ford,2024,31,CIN,NL,-0.7,17,62,60,2,9,0,1,1,4,0,0,2,15,0.15,0.177,0.233,0.411,11,0.181,-4,14,1,0,0,0,0,NA
511,Drew Millas,2024,26,WSN,NL,0.4,20,62,57,7,14,1,0,1,1,4,0,5,16,0.246,0.306,0.316,0.622,78,0.302,82,18,1,0,0,0,0,NA
512,Jared Walsh,2024,30,TEX,AL,-0.2,17,60,53,9,12,2,0,1,7,0,0,7,21,0.226,0.317,0.321,0.637,85,0.288,84,17,2,0,0,0,0,NA
513,Kyren Paris,2024,22,LAA,AL,-0.3,21,59,51,4,6,2,0,1,5,1,0,7,17,0.118,0.224,0.216,0.44,26,0.225,32,11,1,0,0,0,0,NA
514,David Hensley,2024,28,MIA,NL,-0.4,23,58,52,9,11,1,0,1,4,1,0,6,17,0.212,0.293,0.288,0.582,60,0.262,51,15,0,0,0,0,0,NA
515,Tyler Black,2024,23,MIL,NL,-0.1,18,57,49,4,10,2,0,0,2,3,0,7,17,0.204,0.316,0.245,0.561,59,0.28,62,12,0,1,0,0,0,NA
516,Mason McCoy,2024,29,SDP,NL,-0.1,19,57,49,7,10,2,0,0,3,1,0,5,19,0.204,0.278,0.245,0.523,49,0.24,38,12,2,0,3,0,0,NA
517,Eguy Rosario,2024,24,SDP,NL,0.3,30,57,53,5,13,6,0,3,6,0,0,2,20,0.245,0.286,0.528,0.814,121,0.339,116,28,1,1,1,0,0,NA
518,Cole Tucker,2024,27,LAA,AL,-0.5,24,57,50,3,9,4,1,0,3,3,1,6,17,0.18,0.263,0.3,0.563,60,0.255,55,15,0,0,0,1,0,NA
519,Rafael Marchán,2024,25,PHI,NL,0.7,17,56,51,8,15,4,0,3,6,0,0,3,8,0.294,0.345,0.549,0.894,147,0.379,147,28,1,1,1,0,0,NA
520,Chadwick Tromp,2024,29,ATL,NL,0.2,19,54,52,3,13,6,0,0,6,0,0,1,17,0.25,0.259,0.365,0.625,72,0.282,73,19,2,0,0,1,0,NA
521,Drew Romo,2024,22,COL,NL,-0.2,16,53,51,4,9,3,0,0,6,0,1,2,18,0.176,0.208,0.235,0.443,20,0.186,5,12,2,0,0,0,0,NA
522,Thomas Saggese,2024,22,STL,NL,-0.2,18,52,49,5,10,2,0,1,4,0,0,2,14,0.204,0.25,0.306,0.556,55,0.246,48,15,0,1,0,0,0,NA
523,Luke Williams,2024,27,ATL,NL,0.2,34,52,46,8,9,3,0,0,4,3,0,4,13,0.196,0.275,0.261,0.535,51,0.277,59,12,1,1,1,0,0,NA
524,Avisaíl García,2024,33,MIA,NL,-0.2,18,51,50,4,12,1,0,2,2,0,0,1,13,0.24,0.255,0.38,0.635,70,0.269,58,19,4,0,0,0,0,NA
525,Rece Hinds,2024,23,CIN,NL,0.7,24,51,46,9,12,4,1,5,11,2,0,4,16,0.261,0.333,0.717,1.051,176,0.435,173,33,0,1,0,0,0,NA
526,Austin Shenton,2024,26,TBR,AL,0.1,19,50,42,3,9,5,0,1,3,0,0,8,14,0.214,0.34,0.405,0.745,114,0.329,114,17,1,0,0,0,0,NA
527,Luken Baker,2024,27,STL,NL,-0.2,21,49,40,3,7,1,1,2,10,1,0,7,11,0.175,0.286,0.4,0.686,90,0.298,83,16,1,0,0,2,0,NA
528,Billy Cook,2024,25,PIT,NL,0.6,16,49,49,5,11,2,0,3,8,1,0,0,19,0.224,0.224,0.449,0.673,82,0.287,73,22,0,0,0,0,0,NA
529,Tyler Locklear,2024,23,SEA,AL,-0.3,16,49,45,3,7,1,0,2,3,1,0,3,20,0.156,0.224,0.311,0.536,57,0.241,55,14,3,1,0,0,0,NA
530,René Pinto,2024,27,TBR,AL,-0.1,19,49,42,5,9,3,0,2,6,0,0,4,18,0.214,0.292,0.429,0.72,104,0.306,97,18,0,1,1,1,0,NA
531,Ryan Vilade,2024,25,DET,AL,-0.7,17,49,45,5,8,0,0,1,5,0,0,2,12,0.178,0.208,0.244,0.453,29,0.218,31,11,2,0,1,1,0,NA
532,Davis Wendzel,2024,27,TEX,AL,-0.1,27,49,47,2,6,2,0,1,2,0,0,1,12,0.128,0.163,0.234,0.397,13,0.174,3,11,1,1,0,0,0,NA
533,David Bote,2024,31,CHC,NL,0.2,37,48,46,4,14,4,0,0,6,0,0,2,13,0.304,0.333,0.391,0.725,105,0.317,103,18,1,0,0,0,0,NA
534,Gustavo Campero,2024,26,LAA,AL,-0.1,13,48,46,6,11,0,1,1,6,3,0,0,8,0.239,0.271,0.348,0.619,74,0.305,83,16,0,2,0,0,0,NA
535,Jamie Westbrook,2024,29,BOS,AL,-0.1,21,48,40,4,6,2,0,2,7,0,0,4,14,0.15,0.234,0.35,0.584,60,0.271,63,14,0,1,0,2,0,NA
536,Jahmai Jones,2024,26,NYY,AL,0,33,47,42,8,10,1,1,1,4,1,1,2,16,0.238,0.304,0.381,0.685,93,0.293,89,16,0,2,1,0,0,NA
537,Coby Mayo,2024,22,BAL,AL,-0.7,17,46,41,4,4,0,0,0,0,0,0,4,22,0.098,0.196,0.098,0.293,-10,0.153,-7,4,1,1,0,0,0,NA
538,Shay Whitcomb,2024,25,HOU,AL,-0.4,20,46,41,1,9,3,0,0,5,0,0,5,8,0.22,0.304,0.293,0.597,73,0.27,72,12,1,0,0,0,0,NA
539,Steward Berroa,2024,25,TOR,AL,0.3,28,45,37,7,7,1,0,0,1,6,2,8,14,0.189,0.333,0.216,0.55,63,0.298,83,8,0,0,0,0,0,NA
540,Yoán Moncada,2024,29,CHW,AL,0.3,12,45,40,4,11,3,1,0,0,1,0,5,11,0.275,0.356,0.4,0.756,117,0.337,116,16,2,0,0,0,0,NA
541,Justin Foscue,2024,25,TEX,AL,-0.7,15,44,42,3,2,1,0,0,1,0,0,2,18,0.048,0.091,0.071,0.162,-52,0.08,-65,3,0,0,0,0,0,NA
542,Seby Zavala,2024,30,SEA,AL,-0.3,18,43,39,4,6,2,0,1,2,0,0,3,16,0.154,0.214,0.282,0.496,46,0.221,43,11,2,0,1,0,0,NA
543,Eli White,2024,30,ATL,NL,0.3,35,42,39,9,11,1,1,1,4,3,1,1,12,0.282,0.333,0.436,0.769,113,0.33,105,17,1,2,0,0,0,NA
544,Nick Yorke,2024,22,PIT,NL,-0.2,11,42,37,4,8,0,0,2,5,2,0,4,12,0.216,0.286,0.378,0.664,84,0.299,78,14,0,0,0,1,0,NA
545,Luisangel Acuña,2024,22,NYM,NL,0.5,14,40,39,6,12,2,1,3,6,0,1,1,6,0.308,0.325,0.641,0.966,168,0.387,165,25,1,0,0,0,0,NA
546,Jonathan Ornelas,2024,24,TEX,AL,0,18,40,37,1,8,2,0,0,3,0,0,2,13,0.216,0.256,0.27,0.527,52,0.237,46,10,0,0,1,0,0,NA
547,Jhonny Pereda,2024,28,MIA,NL,-0.1,20,40,39,2,9,0,0,0,4,0,0,0,10,0.231,0.25,0.231,0.481,33,0.239,37,9,2,1,0,0,0,NA
548,Johnathan Rodríguez,2024,24,CLE,AL,-0.4,13,40,31,6,4,1,0,0,5,0,0,9,14,0.129,0.325,0.161,0.486,46,0.25,55,5,1,0,0,0,0,NA
549,Armando Alvarez,2024,29,OAK,AL,-0.4,16,39,37,7,9,1,0,0,2,1,0,2,8,0.243,0.282,0.27,0.552,63,0.252,57,10,1,0,0,0,0,NA
550,Zach Remillard,2024,30,CHW,AL,0.2,15,39,33,3,8,1,1,0,1,1,0,5,10,0.242,0.342,0.333,0.675,96,0.331,111,11,1,0,1,0,0,NA
551,Jordyn Adams,2024,24,LAA,AL,-0.2,11,38,35,4,8,0,0,1,4,2,0,3,12,0.229,0.289,0.314,0.604,72,0.28,67,11,1,0,0,0,0,NA
552,Oscar Colás,2024,25,CHW,AL,0.1,13,38,33,1,9,0,0,0,4,0,1,4,10,0.273,0.368,0.273,0.641,89,0.285,91,9,0,1,0,0,0,NA
553,Tom Murphy,2024,33,SFG,NL,-0.4,13,38,34,3,4,1,0,1,2,0,0,4,14,0.118,0.211,0.235,0.446,29,0.206,27,8,0,0,0,0,0,NA
554,Blake Sabol,2024,26,SFG,NL,0.3,11,38,32,3,10,2,0,0,1,0,0,5,9,0.313,0.421,0.375,0.796,133,0.35,132,12,0,1,0,0,1,NA
555,Logan Driscoll,2024,26,TBR,AL,-0.1,15,37,35,2,6,0,0,1,5,0,0,1,6,0.171,0.189,0.257,0.446,27,0.186,11,9,0,0,0,1,0,NA
556,David Villar,2024,27,SFG,NL,0,11,37,35,3,9,4,0,1,4,0,0,1,13,0.257,0.27,0.457,0.727,105,0.302,96,16,0,0,0,1,0,NA
557,Joey Wendle,2024,34,NYM,NL,-0.1,18,37,36,3,8,1,0,0,1,1,0,1,9,0.222,0.243,0.25,0.493,42,0.225,34,9,0,0,0,0,0,NA
558,Adael Amador,2024,21,COL,NL,-0.4,10,36,35,1,6,1,0,0,0,1,0,1,6,0.171,0.194,0.2,0.394,8,0.21,10,7,1,0,0,0,0,NA
559,Javier Sanoja,2024,21,MIA,NL,0,15,36,35,3,8,2,0,0,2,0,0,1,4,0.229,0.25,0.286,0.536,46,0.235,34,10,2,0,0,0,0,NA
560,Forrest Wall,2024,28,ATL,NL,0,13,32,29,3,7,0,0,0,1,3,3,3,6,0.241,0.313,0.241,0.554,58,0.222,49,7,0,0,0,0,0,NA
560,Forrest Wall,2024,28,MIA,NL,0,3,3,3,1,1,0,0,0,0,1,0,0,2,0.333,0.333,0.333,0.667,83,0.379,82,1,0,0,0,0,0,NA
561,Aledmys Díaz,2024,33,OAK,AL,-0.5,12,30,29,2,3,0,0,0,1,0,0,1,7,0.103,0.133,0.103,0.237,-29,0.112,-39,3,0,0,0,0,0,NA
561,Aledmys Díaz,2024,33,HOU,AL,-0.1,2,4,4,0,0,0,0,0,0,0,0,0,2,0,0,0,0,-100,0,-124,0,0,0,0,0,0,NA
562,Niko Goodrum,2024,32,TBR,AL,-0.4,9,18,16,1,3,0,0,0,0,0,1,1,6,0.188,0.235,0.188,0.423,24,0.169,16,3,0,0,1,0,0,NA
562,Niko Goodrum,2024,32,LAA,AL,-0.5,4,15,13,1,0,0,0,0,0,1,0,2,4,0,0.133,0,0.133,-57,0.168,-16,0,0,0,0,0,0,NA
563,Nacho Alvarez Jr.,2024,21,ATL,NL,-0.5,8,32,30,1,3,0,0,0,0,0,0,0,10,0.1,0.156,0.1,0.256,-26,0.129,-37,3,1,2,0,0,0,NA
564,Travis Blankenhorn,2024,27,WSN,NL,-0.5,13,32,31,2,4,1,0,0,5,0,0,1,9,0.129,0.156,0.161,0.318,-9,0.144,-21,5,0,0,0,0,0,NA
565,Graham Pauley,2024,23,SDP,NL,-0.4,13,32,32,4,4,0,0,2,5,0,0,0,15,0.125,0.125,0.313,0.438,17,0.179,0,10,1,0,0,0,0,NA
566,César Salazar,2024,28,HOU,AL,0.2,12,32,25,5,8,2,0,0,8,0,0,2,6,0.32,0.387,0.4,0.787,128,0.344,125,10,0,2,1,2,0,NA
567,Luis De Los Santos,2024,26,TOR,AL,-0.1,13,31,29,2,5,2,0,0,1,0,0,2,10,0.172,0.226,0.241,0.467,34,0.208,26,7,2,0,0,0,0,NA
568,Tristan Gray,2024,28,MIA,NL,-0.1,7,7,7,0,0,0,0,0,0,0,0,0,3,0,0,0,0,-100,0,-136,0,0,0,0,0,0,NA
568,Tristan Gray,2024,28,OAK,AL,0,8,24,21,0,3,1,0,0,0,0,0,3,13,0.143,0.25,0.19,0.44,31,0.212,33,4,0,0,0,0,0,NA
569,Jason Vosler,2024,30,SEA,AL,-0.1,10,30,28,2,5,1,1,0,3,0,0,2,9,0.179,0.233,0.286,0.519,53,0.229,50,8,0,0,0,0,0,NA
570,Trenton Brooks,2024,28,SFG,NL,-0.2,12,29,25,3,3,0,0,0,1,1,0,4,6,0.12,0.241,0.12,0.361,10,0.193,12,3,1,0,0,0,0,NA
571,Blake Dunn,2024,25,CIN,NL,-0.2,19,29,26,8,4,1,0,1,1,2,0,2,11,0.154,0.241,0.308,0.549,49,0.263,44,8,1,1,0,0,0,NA
572,Ehire Adrianza,2024,34,LAA,AL,0.1,8,28,26,4,5,1,0,1,2,0,0,2,11,0.192,0.25,0.346,0.596,67,0.255,58,9,1,0,0,0,0,NA
573,Alexander Canario,2024,24,CHC,NL,0.3,15,28,25,4,7,1,0,1,2,1,0,2,11,0.28,0.357,0.44,0.797,125,0.35,120,11,0,1,0,0,0,NA
574,Charles Leblanc,2024,28,LAA,AL,0.1,11,28,21,6,4,0,0,2,6,0,0,7,9,0.19,0.393,0.476,0.869,146,0.378,145,10,0,0,0,0,0,NA
575,Billy McKinney,2024,29,PIT,NL,0,10,28,25,4,5,1,0,0,2,0,0,2,13,0.2,0.286,0.24,0.526,49,0.247,48,6,1,1,0,0,0,NA
576,Matt Mervis,2024,26,CHC,NL,-0.4,9,28,26,1,3,1,0,0,3,0,0,1,8,0.115,0.148,0.154,0.302,-14,0.138,-31,4,0,0,0,0,0,NA
577,Joey Wiemer,2024,25,MIL,NL,-0.2,19,27,26,2,4,0,0,0,0,1,1,1,9,0.154,0.185,0.154,0.339,-4,0.145,-19,4,0,0,0,0,0,NA
577,Joey Wiemer,2024,25,CIN,NL,0,2,1,0,0,0,0,0,0,0,0,0,1,0,NA,1,NA,NA,NA,0.691,373,0,0,0,0,0,0,NA
578,Keston Hiura,2024,27,LAA,AL,-0.6,10,27,27,1,4,0,0,0,1,0,1,0,10,0.148,0.148,0.148,0.296,-15,0.11,-33,4,0,0,0,0,0,NA
579,Owen Miller,2024,27,MIL,NL,-0.5,14,27,27,2,5,1,0,0,3,0,0,0,8,0.185,0.185,0.222,0.407,13,0.175,-5,6,1,0,0,0,0,NA
580,Cal Stevenson,2024,27,PHI,NL,-0.1,18,27,24,2,6,3,0,0,6,0,0,3,4,0.25,0.333,0.375,0.708,99,0.311,96,9,1,0,0,0,0,NA
581,Jace Peterson,2024,34,ARI,NL,-0.6,14,26,22,2,1,0,0,0,1,0,0,3,6,0.045,0.154,0.045,0.199,-40,0.114,-48,1,1,0,0,1,0,NA
582,Buddy Kennedy,2024,25,DET,AL,0.2,6,13,10,2,2,0,0,1,4,1,0,2,4,0.2,0.308,0.5,0.808,125,0.35,114,5,0,0,0,1,0,NA
582,Buddy Kennedy,2024,25,PHI,NL,0,8,13,11,1,2,1,0,0,2,0,0,2,3,0.182,0.308,0.273,0.58,66,0.271,67,3,0,0,0,0,0,NA
583,Grae Kessinger,2024,26,HOU,AL,-0.4,22,25,21,4,0,0,0,0,0,0,0,3,7,0,0.16,0,0.16,-48,0.111,-42,0,1,1,0,0,0,NA
584,Donovan Walton,2024,30,SFG,NL,0,9,25,22,3,3,0,0,1,2,0,0,2,7,0.136,0.24,0.273,0.513,48,0.236,49,6,2,1,0,0,0,NA
585,Mickey Gasper,2024,28,BOS,AL,-0.2,13,23,18,1,0,0,0,0,0,0,0,4,8,0,0.217,0,0.217,-32,0.151,-22,0,1,1,0,0,0,NA
586,Pedro León,2024,26,HOU,AL,-0.3,7,21,20,2,2,0,0,0,0,2,0,1,10,0.1,0.143,0.1,0.243,-28,0.141,-38,2,2,0,0,0,0,NA
587,Austin Wynns,2024,33,CIN,NL,0.4,7,20,19,3,7,4,0,0,2,0,0,0,5,0.368,0.4,0.579,0.979,164,0.409,160,11,0,1,0,0,0,NA
588,Isaac Collins,2024,26,MIL,NL,-0.3,11,19,17,0,2,0,0,0,0,1,0,2,10,0.118,0.211,0.118,0.328,-5,0.175,-14,2,0,0,0,0,0,NA
589,Jason Delay,2024,29,PIT,NL,0.1,7,19,15,1,3,3,0,0,6,0,0,3,0,0.2,0.333,0.4,0.733,104,0.322,102,6,0,0,1,0,0,NA
590,Drew Waters,2024,25,KCR,AL,0,7,19,16,2,3,1,0,0,1,0,0,2,6,0.188,0.316,0.25,0.566,63,0.265,63,4,0,1,0,0,0,NA
591,Jorge Barrosa,2024,23,ARI,NL,0,8,18,17,3,3,2,0,0,1,1,0,0,2,0.176,0.176,0.294,0.471,28,0.213,9,5,0,0,1,0,0,NA
592,Bubba Thompson,2024,26,CIN,NL,-0.3,17,18,18,5,2,1,0,0,0,5,0,0,11,0.111,0.111,0.167,0.278,-25,0.186,-47,3,1,0,0,0,0,NA
593,Rafael Ortega,2024,33,CHW,AL,-0.2,14,17,14,4,1,0,0,0,1,2,0,2,4,0.071,0.176,0.071,0.248,-24,0.21,8,1,1,0,0,1,0,NA
594,Brett Sullivan,2024,30,SDP,NL,0,7,17,16,1,3,0,0,1,2,0,0,1,4,0.188,0.235,0.375,0.61,67,0.253,54,6,0,0,0,0,0,NA
595,Sam Haggerty,2024,30,SEA,AL,-0.3,8,16,15,1,1,0,0,0,1,1,0,1,4,0.067,0.125,0.067,0.192,-41,0.114,-43,1,0,0,0,0,0,NA
596,Tyler Heineman,2024,33,BOS,AL,0.1,2,3,2,0,0,0,0,0,0,0,0,0,1,0,0.333,0,0.333,5,0.239,41,0,0,1,0,0,0,NA
596,Tyler Heineman,2024,33,TOR,AL,0.1,5,13,10,2,1,0,0,0,0,0,0,3,5,0.1,0.308,0.1,0.408,25,0.22,34,1,0,0,0,0,0,NA
597,Liván Soto,2024,24,CIN,NL,-0.1,1,3,3,0,0,0,0,0,0,0,0,0,1,0,0,0,0,-100,0,-138,0,0,0,0,0,0,NA
597,Liván Soto,2024,24,BAL,AL,0.2,12,13,10,1,3,1,0,0,0,0,0,3,2,0.3,0.462,0.4,0.862,157,0.392,164,4,0,0,0,0,0,NA
598,Kameron Misner,2024,26,TBR,AL,-0.3,8,15,15,0,1,0,0,0,0,0,0,0,10,0.067,0.067,0.067,0.133,-61,0.06,-79,1,0,0,0,0,0,NA
599,Carlos Narváez,2024,25,NYY,AL,0.1,6,15,13,0,3,0,0,0,0,0,0,2,6,0.231,0.333,0.231,0.564,65,0.27,69,3,0,0,0,0,0,NA
600,Jakson Reetz,2024,28,SFG,NL,-0.2,6,15,14,1,2,1,0,1,1,0,0,1,5,0.143,0.2,0.429,0.629,75,0.263,69,6,1,0,0,0,0,NA
601,Ryan McKenna,2024,27,BAL,AL,0.1,9,9,8,3,3,0,0,2,2,0,1,1,1,0.375,0.444,1.125,1.569,341,0.563,326,9,0,0,0,0,0,NA
601,Ryan McKenna,2024,27,SFG,NL,0,4,6,6,1,0,0,0,0,0,1,0,0,4,0,0,0,0,-100,0.041,-119,0,0,0,0,0,0,NA
602,Darren Baker,2024,25,WSN,NL,0,9,14,14,1,7,2,0,0,0,0,0,0,3,0.5,0.5,0.643,1.143,223,0.483,224,9,0,0,0,0,0,NA
603,Hunter Feduccia,2024,27,LAD,NL,0.1,5,14,12,2,4,0,0,0,1,0,0,2,2,0.333,0.429,0.333,0.762,123,0.354,132,4,1,0,0,0,0,NA
604,DaShawn Keirsey,2024,27,MIN,AL,0,6,14,13,1,2,0,0,1,1,0,0,0,1,0.154,0.214,0.385,0.599,64,0.254,55,5,0,1,0,0,0,NA
605,Luis Vázquez,2024,24,CHC,NL,-0.2,11,14,12,2,1,0,0,0,1,0,0,0,6,0.083,0.143,0.083,0.226,-33,0.109,-48,1,1,1,0,1,0,NA
606,Brandon Lockridge,2024,27,SDP,NL,0,12,12,12,4,2,0,0,1,1,2,0,0,4,0.167,0.167,0.417,0.583,56,0.275,42,5,0,0,0,0,0,NA
607,Bryce Teodosio,2024,25,LAA,AL,-0.2,5,12,12,1,1,0,0,0,0,0,0,0,5,0.083,0.083,0.083,0.167,-52,0.141,-24,1,0,0,0,0,0,NA
608,Eddy Alvarez,2024,34,NYM,NL,0.1,12,11,9,2,0,0,0,0,0,0,0,1,2,0,0.182,0,0.182,-41,0.128,-31,0,0,1,0,0,0,NA
609,Levi Jordan,2024,28,CIN,NL,-0.2,7,11,10,1,1,1,0,0,1,0,0,0,3,0.1,0.091,0.2,0.291,-24,0.113,-53,2,0,0,0,1,0,NA
610,Oswald Peraza,2024,24,NYY,AL,0.1,4,11,10,2,2,0,0,1,1,0,0,1,3,0.2,0.273,0.5,0.773,113,0.329,110,5,0,0,0,0,0,NA
611,Kevin Alcántara,2024,21,CHC,NL,-0.2,3,10,10,1,1,0,0,0,0,0,0,0,1,0.1,0.1,0.1,0.2,-43,0.08,-69,1,0,0,0,0,0,NA
612,Matt Duffy,2024,33,TEX,AL,0.2,4,10,7,2,2,0,0,0,0,0,0,2,1,0.286,0.5,0.286,0.786,135,0.388,156,2,0,1,0,0,0,NA
613,Michael Helman,2024,28,MIN,AL,0.1,9,10,10,2,3,2,0,0,0,0,0,0,3,0.3,0.3,0.5,0.8,120,0.329,109,5,0,0,0,0,0,NA
614,Tony Kemp,2024,32,BAL,AL,-0.2,5,10,9,1,0,0,0,0,0,0,0,1,1,0,0.1,0,0.1,-67,0.069,-67,0,0,0,0,0,0,NA
615,J.P. Martínez,2024,28,ATL,NL,0,7,10,10,2,2,1,0,0,0,1,0,0,4,0.2,0.2,0.3,0.5,37,0.328,89,3,0,0,0,0,0,NA
616,Liover Peguero,2024,23,PIT,NL,-0.1,3,10,10,0,2,1,0,0,2,0,0,0,3,0.2,0.2,0.3,0.5,37,0.204,17,3,0,0,0,0,0,NA
617,Edwin Ríos,2024,30,CIN,NL,-0.1,5,10,9,1,1,0,0,0,0,0,0,1,4,0.111,0.2,0.111,0.311,-11,0.159,-21,1,0,0,0,0,0,NA
618,Rob Brantly,2024,34,TBR,AL,0,3,9,9,0,1,0,0,0,0,0,0,0,2,0.111,0.111,0.111,0.222,-36,0.099,-51,1,0,0,0,0,0,NA
619,Vinny Capra,2024,27,MIL,NL,-0.1,3,9,9,1,1,1,0,0,0,0,0,0,3,0.111,0.111,0.222,0.333,-11,0.138,-31,2,1,0,0,0,0,NA
620,David Fletcher,2024,30,ATL,NL,0,5,9,8,0,2,0,0,0,2,0,0,0,1,0.25,0.222,0.25,0.472,32,0.188,6,2,0,0,0,1,0,NA
621,Cade Marlowe,2024,27,SEA,AL,0,8,9,8,1,2,0,0,0,0,0,0,1,1,0.25,0.333,0.25,0.583,77,0.275,82,2,1,0,0,0,0,NA
622,CJ Alexander,2024,27,KCR,AL,-0.2,4,8,8,0,1,0,0,0,0,0,0,0,3,0.125,0.125,0.125,0.25,-29,0.112,-48,1,0,0,0,0,0,NA
623,Conner Capel,2024,27,CIN,NL,-0.1,5,8,8,1,2,0,0,0,0,1,0,0,2,0.25,0.25,0.25,0.5,38,0.254,27,2,0,0,0,0,0,NA
624,Diego Castillo,2024,26,MIN,AL,0.2,4,8,6,3,2,1,0,0,2,0,0,2,1,0.333,0.5,0.5,1,184,0.439,189,3,0,0,0,0,0,NA
625,Cooper Hummel,2024,29,HOU,AL,-0.1,6,8,8,0,0,0,0,0,0,1,0,0,2,0,0,0,0,-100,0.143,-42,0,1,0,0,0,0,NA
626,Grant Koch,2024,27,PIT,NL,-0.1,3,8,7,1,0,0,0,0,0,0,0,1,6,0,0.125,0,0.125,-61,0.086,-69,0,0,0,0,0,0,NA
627,Taylor Trammell,2024,26,LAD,NL,-0.2,5,6,6,0,0,0,0,0,0,0,0,0,3,0,0,0,0,-100,0,-123,0,0,0,0,0,0,NA
627,Taylor Trammell,2024,26,NYY,AL,-0.1,5,2,1,2,1,0,0,0,0,0,0,1,0,1,1,1,2,472,0.79,435,1,0,0,0,0,0,NA
628,Jair Camargo,2024,24,MIN,AL,-0.1,5,7,6,1,0,0,0,0,0,0,0,1,3,0,0.143,0,0.143,-54,0.098,-57,0,0,0,0,0,0,NA
629,Aramis Garcia,2024,31,PHI,NL,-0.1,3,7,7,0,0,0,0,0,0,0,0,0,3,0,0,0,0,-100,0,-129,0,1,0,0,0,0,NA
630,Dustin Harris,2024,24,TEX,AL,0.2,2,7,6,1,2,1,0,1,3,0,0,1,2,0.333,0.429,1,1.429,294,0.568,285,6,0,0,0,0,0,NA
631,Stone Garrett,2024,28,WSN,NL,0.3,2,6,5,2,3,1,0,1,3,0,0,1,0,0.6,0.667,1.4,2.067,468,0.807,455,7,0,0,0,0,0,NA
632,Greg Jones,2024,26,COL,NL,0.1,6,6,5,1,1,0,0,1,1,0,0,1,4,0.2,0.333,0.8,1.133,194,0.451,188,4,0,0,0,0,0,NA
633,Andrew Knapp,2024,32,SFG,NL,-0.1,3,6,6,0,1,0,0,0,0,0,0,0,2,0.167,0.167,0.167,0.333,-3,0.133,-25,1,0,0,0,0,0,NA
634,Brian Anderson,2024,31,ATL,NL,-0.2,3,5,5,0,0,0,0,0,0,0,0,0,2,0,0,0,0,-100,0,-132,0,1,0,0,0,0,NA
635,Sandro Fabian,2024,26,TEX,AL,-0.1,3,5,5,0,0,0,0,0,0,0,0,0,0,0,0,0,0,-100,0,-121,0,0,0,0,0,0,NA
636,Tyler Gentry,2024,25,KCR,AL,-0.1,3,5,5,0,0,0,0,0,0,0,0,0,2,0,0,0,0,-100,0,-125,0,0,0,0,0,0,NA
637,Brewer Hicklen,2024,28,MIL,NL,-0.2,3,5,5,0,0,0,0,0,0,1,0,0,4,0,0,0,0,-100,0.049,-130,0,0,0,0,0,0,NA
638,Nick Maton,2024,27,BAL,AL,-0.1,5,5,5,0,0,0,0,0,0,0,0,0,2,0,0,0,0,-100,0,-116,0,0,0,0,0,0,NA
639,Samad Taylor,2024,25,SEA,AL,0.1,3,5,5,2,2,0,0,0,0,0,0,0,1,0.4,0.4,0.4,0.8,139,0.338,128,2,0,0,0,0,0,NA
640,Duke Ellis,2024,26,CHW,AL,-0.2,8,4,4,1,0,0,0,0,0,4,0,0,2,0,0,0,0,-100,0.248,-118,0,0,0,0,0,0,NA
640,Duke Ellis,2024,26,NYY,AL,0.1,3,1,1,0,1,0,0,0,0,1,0,0,0,1,1,1,2,473,1.142,536,1,0,0,0,0,0,NA
641,José Devers,2024,24,MIA,NL,0.1,3,4,4,1,1,0,0,0,0,0,0,0,1,0.25,0.25,0.25,0.5,37,0.224,26,1,0,0,0,0,0,NA
642,Sam Huff,2024,26,TEX,AL,0,3,4,3,0,0,0,0,0,0,0,0,1,2,0,0.25,0,0.25,-19,0.172,0,0,0,0,0,0,0,NA
643,Myles Straw,2024,29,CLE,AL,-0.1,7,4,4,2,1,0,0,0,0,2,0,0,0,0.25,0.25,0.25,0.5,44,0.348,38,1,0,0,0,0,0,NA
644,Matthew Batten,2024,29,SDP,NL,0.1,1,3,3,0,1,0,1,0,0,0,0,0,0,0.333,0.333,1,1.333,253,0.523,250,3,0,0,0,0,0,NA
645,Orelvis Martínez,2024,22,TOR,AL,0,1,3,3,0,1,0,0,0,0,0,0,0,1,0.333,0.333,0.333,0.667,92,0.298,91,1,0,0,0,0,0,NA
646,David Bañuelos,2024,27,BAL,AL,NA,1,1,1,0,0,0,0,0,0,0,0,0,0,0,0,0,0,-100,0,-127,0,0,0,0,0,0,NA
647,Luis Castillo,2024,31,SEA,AL,0,1,1,1,0,0,0,0,0,0,0,0,0,1,0,0,0,0,-100,0,-118,0,0,0,0,0,0,NA
648,Daniel Johnson,2024,28,BAL,AL,0,1,1,1,1,0,0,0,0,0,0,0,0,0,0,0,0,0,-100,0,-127,0,0,0,0,0,0,NA
649,Scott McGough,2024,34,ARI,NL,0,2,1,1,0,0,0,0,0,0,0,0,0,1,0,0,0,0,-100,0,-136,0,0,0,0,0,0,NA
650,Chris Roller,2024,27,MIL,NL,0,1,1,1,0,0,0,0,0,0,0,0,0,1,0,0,0,0,-100,0,-136,0,0,0,0,0,0,NA
651,Eric Yang,2024,26,CIN,NL,NA,1,1,1,0,0,0,0,0,0,0,0,0,1,0,0,0,0,-100,0,-145,0,0,0,0,0,0,NA
652,Chase Anderson,2024,36,BOS,AL,0,1,0,0,0,0,0,0,0,0,0,0,0,0,NA,NA,NA,NA,NA,NA,NA,0,0,0,0,0,0,NA
653,Pedro Avila,2024,27,CLE,AL,0,1,0,0,0,0,0,0,0,0,0,0,0,0,NA,NA,NA,NA,NA,NA,NA,0,0,0,0,0,0,NA
654,Mike Baumann,2024,28,BAL,AL,0,1,0,0,0,0,0,0,0,0,0,0,0,0,NA,NA,NA,NA,NA,NA,NA,0,0,0,0,0,0,NA
654,Mike Baumann,2024,28,SEA,AL,0,1,0,0,0,0,0,0,0,0,0,0,0,0,NA,NA,NA,NA,NA,NA,NA,0,0,0,0,0,0,NA
655,Jalen Beeks,2024,30,COL,NL,0,2,0,0,0,0,0,0,0,0,0,0,0,0,NA,NA,NA,NA,NA,NA,NA,0,0,0,0,0,0,NA
656,Brennan Bernardino,2024,32,BOS,AL,0,1,0,0,0,0,0,0,0,0,0,0,0,0,NA,NA,NA,NA,NA,NA,NA,0,0,0,0,0,0,NA
657,John Brebbia,2024,34,CHW,AL,0,1,0,0,0,0,0,0,0,0,0,0,0,0,NA,NA,NA,NA,NA,NA,NA,0,0,0,0,0,0,NA
658,Jhony Brito,2024,26,SDP,NL,0,1,0,0,0,0,0,0,0,0,0,0,0,0,NA,NA,NA,NA,NA,NA,NA,0,0,0,0,0,0,NA
659,Kris Bubic,2024,26,KCR,AL,0,1,0,0,0,0,0,0,0,0,0,0,0,0,NA,NA,NA,NA,NA,NA,NA,0,0,0,0,0,0,NA
660,Génesis Cabrera,2024,27,TOR,AL,0,1,0,0,0,0,0,0,0,0,0,0,0,0,NA,NA,NA,NA,NA,NA,NA,0,0,0,0,0,0,NA
661,Isaiah Campbell,2024,26,BOS,AL,0,2,0,0,0,0,0,0,0,0,0,0,0,0,NA,NA,NA,NA,NA,NA,NA,0,0,0,0,0,0,NA
662,Danny Coulombe,2024,34,BAL,AL,0,1,0,0,0,0,0,0,0,0,0,0,0,0,NA,NA,NA,NA,NA,NA,NA,0,0,0,0,0,0,NA
663,Jeff Criswell,2024,25,COL,NL,0,1,0,0,0,0,0,0,0,0,0,0,0,0,NA,NA,NA,NA,NA,NA,NA,0,0,0,0,0,0,NA
664,Fernando Cruz,2024,34,CIN,NL,0,1,0,0,0,0,0,0,0,0,0,0,0,0,NA,NA,NA,NA,NA,NA,NA,0,0,0,0,0,0,NA
665,Alexis Díaz,2024,27,CIN,NL,0,1,0,0,0,0,0,0,0,0,0,0,0,0,NA,NA,NA,NA,NA,NA,NA,0,0,0,0,0,0,NA
666,Edwin Díaz,2024,30,NYM,NL,0,1,0,0,0,0,0,0,0,0,0,0,0,0,NA,NA,NA,NA,NA,NA,NA,0,0,0,0,0,0,NA
667,Jake Diekman,2024,37,NYM,NL,0,1,0,0,0,0,0,0,0,0,0,0,0,0,NA,NA,NA,NA,NA,NA,NA,0,0,0,0,0,0,NA
668,Seranthony Domínguez,2024,29,BAL,AL,0,1,0,0,0,0,0,0,0,0,0,0,0,0,NA,NA,NA,NA,NA,NA,NA,0,0,0,0,0,0,NA
669,Mason Englert,2024,24,DET,AL,0,1,0,0,0,0,0,0,0,0,0,0,0,0,NA,NA,NA,NA,NA,NA,NA,0,0,0,0,0,0,NA
670,Buck Farmer,2024,33,CIN,NL,0,1,0,0,0,0,0,0,0,0,0,0,0,0,NA,NA,NA,NA,NA,NA,NA,0,0,0,0,0,0,NA
671,Ryan Fernandez,2024,26,STL,NL,0,2,0,0,0,0,0,0,0,0,0,0,0,0,NA,NA,NA,NA,NA,NA,NA,0,0,0,0,0,0,NA
672,Kyle Finnegan,2024,32,WSN,NL,0,1,0,0,0,0,0,0,0,0,0,0,0,0,NA,NA,NA,NA,NA,NA,NA,0,0,0,0,0,0,AS
673,Jason Foley,2024,28,DET,AL,0,1,0,0,0,0,0,0,0,0,0,0,0,0,NA,NA,NA,NA,NA,NA,NA,0,0,0,0,0,0,NA
674,Kyle Freeland,2024,31,COL,NL,0,2,0,0,0,0,0,0,0,0,0,0,0,0,NA,NA,NA,NA,NA,NA,NA,0,0,0,0,0,0,NA
675,Luis Frías,2024,26,ARI,NL,0,1,0,0,0,0,0,0,0,0,0,0,0,0,NA,NA,NA,NA,NA,NA,NA,0,0,0,0,0,0,NA
676,Hunter Gaddis,2024,26,CLE,AL,0,1,0,0,0,0,0,0,0,0,0,0,0,0,NA,NA,NA,NA,NA,NA,NA,0,0,0,0,0,0,NA
677,Kevin Ginkel,2024,30,ARI,NL,0,2,0,0,0,0,0,0,0,0,0,0,0,0,NA,NA,NA,NA,NA,NA,NA,0,0,0,0,0,0,NA
678,Chad Green,2024,33,TOR,AL,0,1,0,0,0,0,0,0,0,0,0,0,0,0,NA,NA,NA,NA,NA,NA,NA,0,0,0,0,0,0,NA
679,Josh Hader,2024,30,HOU,AL,0,3,0,0,0,0,0,0,0,0,0,0,0,0,NA,NA,NA,NA,NA,NA,NA,0,0,0,0,0,0,NA
680,Seth Halvorsen,2024,24,COL,NL,0,1,0,0,0,0,0,0,0,0,0,0,0,0,NA,NA,NA,NA,NA,NA,NA,0,0,0,0,0,0,NA
681,Hunter Harvey,2024,29,KCR,AL,0,1,0,0,0,0,0,0,0,0,0,0,0,0,NA,NA,NA,NA,NA,NA,NA,0,0,0,0,0,0,NA
682,Jonathan Heasley,2024,27,BAL,AL,0,1,0,0,0,0,0,0,0,0,0,0,0,0,NA,NA,NA,NA,NA,NA,NA,0,0,0,0,0,0,NA
683,Ryan Helsley,2024,29,STL,NL,0,2,0,0,0,0,0,0,0,0,0,0,0,0,NA,NA,NA,NA,NA,NA,NA,0,0,0,0,0,0,ASCYA-9
684,Kevin Herget,2024,33,MIL,NL,0,1,0,0,0,0,0,0,0,0,0,0,0,0,NA,NA,NA,NA,NA,NA,NA,0,0,0,0,0,0,NA
685,Jonathan Hernández,2024,27,TEX,AL,0,1,0,0,0,0,0,0,0,0,0,0,0,0,NA,NA,NA,NA,NA,NA,NA,0,0,0,0,0,0,NA
686,Porter Hodge,2024,23,CHC,NL,0,1,0,0,0,0,0,0,0,0,0,0,0,0,NA,NA,NA,NA,NA,NA,NA,0,0,0,0,0,0,NA
687,Spencer Howard,2024,27,CLE,AL,0,1,0,0,0,0,0,0,0,0,0,0,0,0,NA,NA,NA,NA,NA,NA,NA,0,0,0,0,0,0,NA
688,Joe Hudson,2024,33,NYM,NL,0,1,0,0,0,0,0,0,0,0,0,0,0,0,NA,NA,NA,NA,NA,NA,NA,0,0,0,0,0,0,NA
689,Kenley Jansen,2024,36,BOS,AL,0,1,0,0,0,0,0,0,0,0,0,0,0,0,NA,NA,NA,NA,NA,NA,NA,0,0,0,0,0,0,NA
690,Bryce Jarvis,2024,26,ARI,NL,0,2,0,0,0,0,0,0,0,0,0,0,0,0,NA,NA,NA,NA,NA,NA,NA,0,0,0,0,0,0,NA
691,Craig Kimbrel,2024,36,BAL,AL,0,1,0,0,0,0,0,0,0,0,0,0,0,0,NA,NA,NA,NA,NA,NA,NA,0,0,0,0,0,0,NA
692,Bryan King,2024,27,HOU,AL,0,1,0,0,0,0,0,0,0,0,0,0,0,0,NA,NA,NA,NA,NA,NA,NA,0,0,0,0,0,0,NA
693,John King,2024,29,STL,NL,0,1,0,0,0,0,0,0,0,0,0,0,0,0,NA,NA,NA,NA,NA,NA,NA,0,0,0,0,0,0,NA
694,Tyler Kinley,2024,33,COL,NL,0,2,0,0,0,0,0,0,0,0,0,0,0,0,NA,NA,NA,NA,NA,NA,NA,0,0,0,0,0,0,NA
695,Andrew Kittredge,2024,34,STL,NL,0,1,0,0,0,0,0,0,0,0,0,0,0,0,NA,NA,NA,NA,NA,NA,NA,0,0,0,0,0,0,NA
696,Matt Koch,2024,33,COL,NL,0,1,0,0,0,0,0,0,0,0,0,0,0,0,NA,NA,NA,NA,NA,NA,NA,0,0,0,0,0,0,NA
697,Michael Kopech,2024,28,CHW,AL,0,1,0,0,0,0,0,0,0,0,0,0,0,0,NA,NA,NA,NA,NA,NA,NA,0,0,0,0,0,0,NA
698,Peter Lambert,2024,27,COL,NL,0,1,0,0,0,0,0,0,0,0,0,0,0,0,NA,NA,NA,NA,NA,NA,NA,0,0,0,0,0,0,NA
699,Jacob Latz,2024,28,TEX,AL,0,1,0,0,0,0,0,0,0,0,0,0,0,0,NA,NA,NA,NA,NA,NA,NA,0,0,0,0,0,0,NA
700,Derek Law,2024,33,WSN,NL,0,1,0,0,0,0,0,0,0,0,0,0,0,0,NA,NA,NA,NA,NA,NA,NA,0,0,0,0,0,0,NA
701,Justin Lawrence,2024,29,COL,NL,0,2,0,0,0,0,0,0,0,0,0,0,0,0,NA,NA,NA,NA,NA,NA,NA,0,0,0,0,0,0,NA
702,Kyle Leahy,2024,27,STL,NL,0,1,0,0,0,0,0,0,0,0,0,0,0,0,NA,NA,NA,NA,NA,NA,NA,0,0,0,0,0,0,NA
703,José Leclerc,2024,30,TEX,AL,0,1,0,0,0,0,0,0,0,0,0,0,0,0,NA,NA,NA,NA,NA,NA,NA,0,0,0,0,0,0,NA
704,Jorge López,2024,31,NYM,NL,0,1,0,0,0,0,0,0,0,0,0,0,0,0,NA,NA,NA,NA,NA,NA,NA,0,0,0,0,0,0,NA
705,Joe Mantiply,2024,33,ARI,NL,0,1,0,0,0,0,0,0,0,0,0,0,0,0,NA,NA,NA,NA,NA,NA,NA,0,0,0,0,0,0,NA
706,Chris Martin,2024,38,BOS,AL,0,2,0,0,0,0,0,0,0,0,0,0,0,0,NA,NA,NA,NA,NA,NA,NA,0,0,0,0,0,0,NA
707,Justin Martínez,2024,22,ARI,NL,0,2,0,0,0,0,0,0,0,0,0,0,0,0,NA,NA,NA,NA,NA,NA,NA,0,0,0,0,0,0,NA
708,James McArthur,2024,27,KCR,AL,0,2,0,0,0,0,0,0,0,0,0,0,0,0,NA,NA,NA,NA,NA,NA,NA,0,0,0,0,0,0,NA
709,Nick Mears,2024,27,COL,NL,0,1,0,0,0,0,0,0,0,0,0,0,0,0,NA,NA,NA,NA,NA,NA,NA,0,0,0,0,0,0,NA
710,Trevor Megill,2024,30,MIL,NL,0,1,0,0,0,0,0,0,0,0,0,0,0,0,NA,NA,NA,NA,NA,NA,NA,0,0,0,0,0,0,NA
711,Julian Merryweather,2024,32,CHC,NL,0,1,0,0,0,0,0,0,0,0,0,0,0,0,NA,NA,NA,NA,NA,NA,NA,0,0,0,0,0,0,NA
712,Hoby Milner,2024,33,MIL,NL,0,1,0,0,0,0,0,0,0,0,0,0,0,0,NA,NA,NA,NA,NA,NA,NA,0,0,0,0,0,0,NA
713,Héctor Neris,2024,35,CHC,NL,0,1,0,0,0,0,0,0,0,0,0,0,0,0,NA,NA,NA,NA,NA,NA,NA,0,0,0,0,0,0,NA
714,Joel Payamps,2024,30,MIL,NL,0,1,0,0,0,0,0,0,0,0,0,0,0,0,NA,NA,NA,NA,NA,NA,NA,0,0,0,0,0,0,NA
715,Elvis Peguero,2024,27,MIL,NL,0,1,0,0,0,0,0,0,0,0,0,0,0,0,NA,NA,NA,NA,NA,NA,NA,0,0,0,0,0,0,NA
716,Zach Penrod,2024,27,BOS,AL,0,1,0,0,0,0,0,0,0,0,0,0,0,0,NA,NA,NA,NA,NA,NA,NA,0,0,0,0,0,0,NA
717,Ryan Pressly,2024,35,HOU,AL,0,2,0,0,0,0,0,0,0,0,0,0,0,0,NA,NA,NA,NA,NA,NA,NA,0,0,0,0,0,0,NA
718,A.J. Puk,2024,29,ARI,NL,0,1,0,0,0,0,0,0,0,0,0,0,0,0,NA,NA,NA,NA,NA,NA,NA,0,0,0,0,0,0,NA
719,José Quijada,2024,28,LAA,AL,0,1,0,0,0,0,0,0,0,0,0,0,0,0,NA,NA,NA,NA,NA,NA,NA,0,0,0,0,0,0,NA
720,David Robertson,2024,39,TEX,AL,0,2,0,0,0,0,0,0,0,0,0,0,0,0,NA,NA,NA,NA,NA,NA,NA,0,0,0,0,0,0,NA
721,Yerry Rodríguez,2024,26,TEX,AL,0,1,0,0,0,0,0,0,0,0,0,0,0,0,NA,NA,NA,NA,NA,NA,NA,0,0,0,0,0,0,NA
722,JoJo Romero,2024,27,STL,NL,0,1,0,0,0,0,0,0,0,0,0,0,0,0,NA,NA,NA,NA,NA,NA,NA,0,0,0,0,0,0,NA
723,Paul Sewald,2024,34,ARI,NL,0,1,0,0,0,0,0,0,0,0,0,0,0,0,NA,NA,NA,NA,NA,NA,NA,0,0,0,0,0,0,NA
724,Chase Shugart,2024,27,BOS,AL,0,1,0,0,0,0,0,0,0,0,0,0,0,0,NA,NA,NA,NA,NA,NA,NA,0,0,0,0,0,0,NA
725,Lucas Sims,2024,30,CIN,NL,0,1,0,0,0,0,0,0,0,0,0,0,0,0,NA,NA,NA,NA,NA,NA,NA,0,0,0,0,0,0,NA
726,Kevin Smith,2024,27,NYY,AL,0,2,0,0,0,0,0,0,0,0,0,0,0,0,NA,NA,NA,NA,NA,NA,NA,0,0,0,0,0,0,NA
727,Ryne Stanek,2024,32,SEA,AL,0,1,0,0,0,0,0,0,0,0,0,0,0,0,NA,NA,NA,NA,NA,NA,NA,0,0,0,0,0,0,NA
728,Albert Suárez,2024,34,BAL,AL,0,1,0,0,0,0,0,0,0,0,0,0,0,0,NA,NA,NA,NA,NA,NA,NA,0,0,0,0,0,0,NA
729,Ryan Thompson,2024,32,ARI,NL,0,1,0,0,0,0,0,0,0,0,0,0,0,0,NA,NA,NA,NA,NA,NA,NA,0,0,0,0,0,0,NA
730,Trent Thornton,2024,30,SEA,AL,0,1,0,0,0,0,0,0,0,0,0,0,0,0,NA,NA,NA,NA,NA,NA,NA,0,0,0,0,0,0,NA
731,José Ureña,2024,32,TEX,AL,0,2,0,0,0,0,0,0,0,0,0,0,0,0,NA,NA,NA,NA,NA,NA,NA,0,0,0,0,0,0,NA
732,Victor Vodnik,2024,24,COL,NL,0,1,0,0,0,0,0,0,0,0,0,0,0,0,NA,NA,NA,NA,NA,NA,NA,0,0,0,0,0,0,NA
733,Austin Voth,2024,32,SEA,AL,0,1,0,0,0,0,0,0,0,0,0,0,0,0,NA,NA,NA,NA,NA,NA,NA,0,0,0,0,0,0,NA
734,Jacob Webb,2024,30,BAL,AL,0,1,0,0,0,0,0,0,0,0,0,0,0,0,NA,NA,NA,NA,NA,NA,NA,0,0,0,0,0,0,NA
735,Mitch White,2024,29,MIL,NL,0,1,0,0,0,0,0,0,0,0,0,0,0,0,NA,NA,NA,NA,NA,NA,NA,0,0,0,0,0,0,NA
736,Owen White,2024,24,TEX,AL,0,1,0,0,0,0,0,0,0,0,0,0,0,0,NA,NA,NA,NA,NA,NA,NA,0,0,0,0,0,0,NA
737,Justin Wilson,2024,36,CIN,NL,0,1,0,0,0,0,0,0,0,0,0,0,0,0,NA,NA,NA,NA,NA,NA,NA,0,0,0,0,0,0,NA
738,Josh Winckowski,2024,26,BOS,AL,0,1,0,0,0,0,0,0,0,0,0,0,0,0,NA,NA,NA,NA,NA,NA,NA,0,0,0,0,0,0,NA
739,Kirby Yates,2024,37,TEX,AL,0,3,0,0,0,0,0,0,0,0,0,0,0,0,NA,NA,NA,NA,NA,NA,NA,0,0,0,0,0,0,ASCYA-8
740,Alex Young,2024,30,CIN,NL,0,1,0,0,0,0,0,0,0,0,0,0,0,0,NA,NA,NA,NA,NA,NA,NA,0,0,0,0,0,0,NA
741,Guillo Zuñiga,2024,25,LAA,AL,0,1,0,0,0,0,0,0,0,0,0,0,0,0,NA,NA,NA,NA,NA,NA,NA,0,0,0,0,0,0,NA
